,DATE,DCOILWTICO
0,2010-01-01,
1,2010-01-04,81.52
2,2010-01-05,81.74
3,2010-01-06,83.12
4,2010-01-07,82.6
5,2010-01-08,82.74
6,2010-01-11,82.54
7,2010-01-12,80.79
8,2010-01-13,79.66
9,2010-01-14,79.35
10,2010-01-15,77.96
11,2010-01-18,
12,2010-01-19,78.98
13,2010-01-20,77.42
14,2010-01-21,75.84
15,2010-01-22,74.25
16,2010-01-25,74.9
17,2010-01-26,74.67
18,2010-01-27,73.64
19,2010-01-28,73.62
20,2010-01-29,72.85
21,2010-02-01,74.41
22,2010-02-02,77.21
23,2010-02-03,76.96
24,2010-02-04,73.13
25,2010-02-05,71.15
26,2010-02-08,71.87
27,2010-02-09,73.71
28,2010-02-10,74.48
29,2010-02-11,75.23
30,2010-02-12,74.11
31,2010-02-15,
32,2010-02-16,76.98
33,2010-02-17,77.27
34,2010-02-18,78.97
35,2010-02-19,79.77
36,2010-02-22,80.04
37,2010-02-23,78.61
38,2010-02-24,79.75
39,2010-02-25,77.99
40,2010-02-26,79.72
41,2010-03-01,78.71
42,2010-03-02,79.62
43,2010-03-03,80.91
44,2010-03-04,80.21
45,2010-03-05,81.5
46,2010-03-08,81.85
47,2010-03-09,81.5
48,2010-03-10,82.07
49,2010-03-11,82.1
50,2010-03-12,81.26
51,2010-03-15,79.79
52,2010-03-16,81.75
53,2010-03-17,82.93
54,2010-03-18,82.16
55,2010-03-19,80.58
56,2010-03-22,81.26
57,2010-03-23,81.68
58,2010-03-24,80.29
59,2010-03-25,80.25
60,2010-03-26,79.75
61,2010-03-29,81.92
62,2010-03-30,82.14
63,2010-03-31,83.45
64,2010-04-01,84.53
65,2010-04-02,
66,2010-04-05,86.36
67,2010-04-06,86.54
68,2010-04-07,85.64
69,2010-04-08,85.17
70,2010-04-09,84.6
71,2010-04-12,84.07
72,2010-04-13,83.8
73,2010-04-14,85.62
74,2010-04-15,85.25
75,2010-04-16,82.97
76,2010-04-19,81.52
77,2010-04-20,82.98
78,2010-04-21,82.78
79,2010-04-22,82.89
80,2010-04-23,84.34
81,2010-04-26,84.2
82,2010-04-27,82.43
83,2010-04-28,83.22
84,2010-04-29,85.17
85,2010-04-30,86.07
86,2010-05-03,86.19
87,2010-05-04,82.73
88,2010-05-05,80.0
89,2010-05-06,77.18
90,2010-05-07,75.1
91,2010-05-10,76.89
92,2010-05-11,76.37
93,2010-05-12,75.65
94,2010-05-13,74.38
95,2010-05-14,71.61
96,2010-05-17,70.08
97,2010-05-18,69.38
98,2010-05-19,69.91
99,2010-05-20,68.28
100,2010-05-21,68.03
101,2010-05-24,68.23
102,2010-05-25,64.78
103,2010-05-26,71.52
104,2010-05-27,74.56
105,2010-05-28,74.0
106,2010-05-31,
107,2010-06-01,72.7
108,2010-06-02,72.88
109,2010-06-03,74.62
110,2010-06-04,71.43
111,2010-06-07,71.55
112,2010-06-08,71.88
113,2010-06-09,74.38
114,2010-06-10,75.48
115,2010-06-11,73.89
116,2010-06-14,74.99
117,2010-06-15,76.84
118,2010-06-16,77.67
119,2010-06-17,76.82
120,2010-06-18,77.18
121,2010-06-21,77.84
122,2010-06-22,77.15
123,2010-06-23,75.9
124,2010-06-24,75.96
125,2010-06-25,78.45
126,2010-06-28,78.26
127,2010-06-29,75.93
128,2010-06-30,75.59
129,2010-07-01,72.95
130,2010-07-02,72.06
131,2010-07-05,
132,2010-07-06,71.96
133,2010-07-07,74.05
134,2010-07-08,75.46
135,2010-07-09,76.08
136,2010-07-12,74.93
137,2010-07-13,77.16
138,2010-07-14,77.02
139,2010-07-15,76.67
140,2010-07-16,75.96
141,2010-07-19,76.53
142,2010-07-20,77.32
143,2010-07-21,76.27
144,2010-07-22,79.01
145,2010-07-23,78.68
146,2010-07-26,78.93
147,2010-07-27,77.46
148,2010-07-28,77.06
149,2010-07-29,78.3
150,2010-07-30,78.85
151,2010-08-02,81.25
152,2010-08-03,82.52
153,2010-08-04,82.49
154,2010-08-05,82.0
155,2010-08-06,80.67
156,2010-08-09,81.46
157,2010-08-10,80.24
158,2010-08-11,78.09
159,2010-08-12,75.68
160,2010-08-13,75.39
161,2010-08-16,75.17
162,2010-08-17,75.76
163,2010-08-18,75.39
164,2010-08-19,74.45
165,2010-08-20,73.45
166,2010-08-23,72.71
167,2010-08-24,71.24
168,2010-08-25,72.07
169,2010-08-26,73.36
170,2010-08-27,75.17
171,2010-08-30,74.69
172,2010-08-31,71.93
173,2010-09-01,73.97
174,2010-09-02,74.99
175,2010-09-03,74.52
176,2010-09-06,
177,2010-09-07,73.98
178,2010-09-08,74.65
179,2010-09-09,74.25
180,2010-09-10,76.4
181,2010-09-13,77.17
182,2010-09-14,76.78
183,2010-09-15,75.92
184,2010-09-16,74.58
185,2010-09-17,73.63
186,2010-09-20,74.81
187,2010-09-21,72.96
188,2010-09-22,72.98
189,2010-09-23,73.4
190,2010-09-24,74.63
191,2010-09-27,76.51
192,2010-09-28,76.15
193,2010-09-29,77.85
194,2010-09-30,79.95
195,2010-10-01,81.57
196,2010-10-04,81.43
197,2010-10-05,82.83
198,2010-10-06,83.21
199,2010-10-07,81.34
200,2010-10-08,82.66
201,2010-10-11,82.18
202,2010-10-12,81.67
203,2010-10-13,83.03
204,2010-10-14,82.71
205,2010-10-15,81.23
206,2010-10-18,83.06
207,2010-10-19,79.57
208,2010-10-20,81.93
209,2010-10-21,80.03
210,2010-10-22,81.15
211,2010-10-25,82.0
212,2010-10-26,82.6
213,2010-10-27,81.9
214,2010-10-28,82.2
215,2010-10-29,81.45
216,2010-11-01,82.94
217,2010-11-02,83.91
218,2010-11-03,84.45
219,2010-11-04,86.49
220,2010-11-05,86.85
221,2010-11-08,87.07
222,2010-11-09,87.04
223,2010-11-10,87.77
224,2010-11-11,87.77
225,2010-11-12,84.89
226,2010-11-15,84.88
227,2010-11-16,82.33
228,2010-11-17,80.43
229,2010-11-18,81.88
230,2010-11-19,81.65
231,2010-11-22,81.24
232,2010-11-23,80.79
233,2010-11-24,83.21
234,2010-11-25,
235,2010-11-26,83.87
236,2010-11-29,85.73
237,2010-11-30,84.12
238,2010-12-01,86.75
239,2010-12-02,87.98
240,2010-12-03,89.18
241,2010-12-06,89.33
242,2010-12-07,88.69
243,2010-12-08,88.3
244,2010-12-09,88.35
245,2010-12-10,87.81
246,2010-12-13,88.62
247,2010-12-14,88.33
248,2010-12-15,88.66
249,2010-12-16,87.71
250,2010-12-17,88.02
251,2010-12-20,88.68
252,2010-12-21,89.3
253,2010-12-22,89.83
254,2010-12-23,90.84
255,2010-12-24,
256,2010-12-27,90.99
257,2010-12-28,91.48
258,2010-12-29,91.13
259,2010-12-30,89.85
260,2010-12-31,91.38
261,2011-01-03,91.59
262,2011-01-04,89.39
263,2011-01-05,90.3
264,2011-01-06,88.37
265,2011-01-07,88.07
266,2011-01-10,89.24
267,2011-01-11,91.11
268,2011-01-12,91.85
269,2011-01-13,91.39
270,2011-01-14,91.53
271,2011-01-17,
272,2011-01-18,91.38
273,2011-01-19,90.85
274,2011-01-20,88.56
275,2011-01-21,88.22
276,2011-01-24,86.74
277,2011-01-25,85.08
278,2011-01-26,86.15
279,2011-01-27,84.45
280,2011-01-28,88.15
281,2011-01-31,90.99
282,2011-02-01,89.54
283,2011-02-02,89.78
284,2011-02-03,89.42
285,2011-02-04,87.87
286,2011-02-07,86.3
287,2011-02-08,85.85
288,2011-02-09,85.59
289,2011-02-10,85.44
290,2011-02-11,84.39
291,2011-02-14,83.66
292,2011-02-15,83.13
293,2011-02-16,83.8
294,2011-02-17,85.05
295,2011-02-18,85.03
296,2011-02-21,
297,2011-02-22,92.65
298,2011-02-23,96.04
299,2011-02-24,95.83
300,2011-02-25,96.52
301,2011-02-28,97.1
302,2011-03-01,99.63
303,2011-03-02,102.27
304,2011-03-03,101.92
305,2011-03-04,104.34
306,2011-03-07,105.37
307,2011-03-08,105.06
308,2011-03-09,104.39
309,2011-03-10,102.73
310,2011-03-11,101.14
311,2011-03-14,101.2
312,2011-03-15,97.23
313,2011-03-16,97.99
314,2011-03-17,101.47
315,2011-03-18,101.06
316,2011-03-21,102.36
317,2011-03-22,104.53
318,2011-03-23,105.21
319,2011-03-24,105.04
320,2011-03-25,104.89
321,2011-03-28,103.54
322,2011-03-29,104.34
323,2011-03-30,103.8
324,2011-03-31,106.19
325,2011-04-01,107.55
326,2011-04-04,108.14
327,2011-04-05,107.82
328,2011-04-06,108.38
329,2011-04-07,109.82
330,2011-04-08,112.27
331,2011-04-11,109.5
332,2011-04-12,105.75
333,2011-04-13,106.6
334,2011-04-14,107.73
335,2011-04-15,109.17
336,2011-04-18,106.7
337,2011-04-19,107.18
338,2011-04-20,110.84
339,2011-04-21,111.72
340,2011-04-22,
341,2011-04-25,111.68
342,2011-04-26,111.72
343,2011-04-27,112.31
344,2011-04-28,112.38
345,2011-04-29,113.39
346,2011-05-02,113.03
347,2011-05-03,110.6
348,2011-05-04,108.79
349,2011-05-05,99.89
350,2011-05-06,96.87
351,2011-05-09,100.32
352,2011-05-10,103.39
353,2011-05-11,97.88
354,2011-05-12,98.53
355,2011-05-13,99.21
356,2011-05-16,96.91
357,2011-05-17,96.4
358,2011-05-18,99.52
359,2011-05-19,97.99
360,2011-05-20,99.15
361,2011-05-23,97.06
362,2011-05-24,99.13
363,2011-05-25,100.78
364,2011-05-26,100.18
365,2011-05-27,100.58
366,2011-05-30,
367,2011-05-31,102.7
368,2011-06-01,100.3
369,2011-06-02,100.41
370,2011-06-03,100.28
371,2011-06-06,99.07
372,2011-06-07,99.18
373,2011-06-08,100.77
374,2011-06-09,101.95
375,2011-06-10,99.3
376,2011-06-13,97.2
377,2011-06-14,99.37
378,2011-06-15,94.83
379,2011-06-16,94.95
380,2011-06-17,93.02
381,2011-06-20,93.23
382,2011-06-21,93.7
383,2011-06-22,94.96
384,2011-06-23,90.7
385,2011-06-24,90.89
386,2011-06-27,90.65
387,2011-06-28,92.9
388,2011-06-29,94.85
389,2011-06-30,95.3
390,2011-07-01,94.81
391,2011-07-04,
392,2011-07-05,96.92
393,2011-07-06,96.67
394,2011-07-07,98.7
395,2011-07-08,96.2
396,2011-07-11,95.16
397,2011-07-12,97.41
398,2011-07-13,98.04
399,2011-07-14,95.75
400,2011-07-15,97.24
401,2011-07-18,95.94
402,2011-07-19,97.49
403,2011-07-20,98.11
404,2011-07-21,98.96
405,2011-07-22,99.53
406,2011-07-25,98.97
407,2011-07-26,99.61
408,2011-07-27,97.4
409,2011-07-28,97.48
410,2011-07-29,95.68
411,2011-08-01,94.98
412,2011-08-02,93.78
413,2011-08-03,91.87
414,2011-08-04,86.75
415,2011-08-05,86.89
416,2011-08-08,81.27
417,2011-08-09,79.32
418,2011-08-10,83.05
419,2011-08-11,85.48
420,2011-08-12,85.19
421,2011-08-15,87.88
422,2011-08-16,86.65
423,2011-08-17,87.58
424,2011-08-18,82.38
425,2011-08-19,82.33
426,2011-08-22,84.42
427,2011-08-23,85.35
428,2011-08-24,84.99
429,2011-08-25,85.15
430,2011-08-26,85.37
431,2011-08-29,87.27
432,2011-08-30,88.9
433,2011-08-31,88.81
434,2011-09-01,88.93
435,2011-09-02,86.45
436,2011-09-05,
437,2011-09-06,85.99
438,2011-09-07,89.34
439,2011-09-08,89.05
440,2011-09-09,87.24
441,2011-09-12,88.19
442,2011-09-13,90.21
443,2011-09-14,88.91
444,2011-09-15,89.4
445,2011-09-16,87.96
446,2011-09-19,85.7
447,2011-09-20,86.92
448,2011-09-21,85.77
449,2011-09-22,80.29
450,2011-09-23,79.58
451,2011-09-26,79.97
452,2011-09-27,84.18
453,2011-09-28,80.94
454,2011-09-29,81.87
455,2011-09-30,78.93
456,2011-10-03,77.34
457,2011-10-04,75.4
458,2011-10-05,79.41
459,2011-10-06,82.32
460,2011-10-07,82.7
461,2011-10-10,85.14
462,2011-10-11,85.54
463,2011-10-12,85.3
464,2011-10-13,83.96
465,2011-10-14,86.8
466,2011-10-17,86.38
467,2011-10-18,88.34
468,2011-10-19,86.11
469,2011-10-20,86.07
470,2011-10-21,87.19
471,2011-10-24,91.12
472,2011-10-25,92.98
473,2011-10-26,90.2
474,2011-10-27,93.96
475,2011-10-28,93.32
476,2011-10-31,93.19
477,2011-11-01,92.19
478,2011-11-02,92.51
479,2011-11-03,94.07
480,2011-11-04,94.26
481,2011-11-07,95.52
482,2011-11-08,96.8
483,2011-11-09,95.74
484,2011-11-10,97.78
485,2011-11-11,98.99
486,2011-11-14,98.14
487,2011-11-15,99.37
488,2011-11-16,102.59
489,2011-11-17,98.82
490,2011-11-18,97.67
491,2011-11-21,96.73
492,2011-11-22,97.76
493,2011-11-23,96.16
494,2011-11-24,
495,2011-11-25,96.91
496,2011-11-28,98.21
497,2011-11-29,99.79
498,2011-11-30,100.36
499,2011-12-01,100.2
500,2011-12-02,100.97
501,2011-12-05,100.94
502,2011-12-06,101.25
503,2011-12-07,100.45
504,2011-12-08,98.35
505,2011-12-09,99.4
506,2011-12-12,97.77
507,2011-12-13,100.24
508,2011-12-14,94.92
509,2011-12-15,93.84
510,2011-12-16,93.55
511,2011-12-19,93.86
512,2011-12-20,97.16
513,2011-12-21,98.54
514,2011-12-22,99.42
515,2011-12-23,99.72
516,2011-12-26,
517,2011-12-27,101.29
518,2011-12-28,99.44
519,2011-12-29,99.68
520,2011-12-30,98.83
521,2012-01-02,
522,2012-01-03,102.96
523,2012-01-04,103.22
524,2012-01-05,101.81
525,2012-01-06,101.56
526,2012-01-09,101.31
527,2012-01-10,102.24
528,2012-01-11,100.89
529,2012-01-12,99.03
530,2012-01-13,98.69
531,2012-01-16,
532,2012-01-17,100.7
533,2012-01-18,100.61
534,2012-01-19,100.32
535,2012-01-20,98.15
536,2012-01-23,99.47
537,2012-01-24,98.84
538,2012-01-25,99.23
539,2012-01-26,99.76
540,2012-01-27,99.47
541,2012-01-30,98.75
542,2012-01-31,98.46
543,2012-02-01,97.63
544,2012-02-02,96.36
545,2012-02-03,97.8
546,2012-02-06,96.89
547,2012-02-07,98.55
548,2012-02-08,98.8
549,2012-02-09,99.88
550,2012-02-10,98.68
551,2012-02-13,100.39
552,2012-02-14,100.82
553,2012-02-15,101.82
554,2012-02-16,102.33
555,2012-02-17,103.27
556,2012-02-20,
557,2012-02-21,105.88
558,2012-02-22,105.99
559,2012-02-23,107.44
560,2012-02-24,109.39
561,2012-02-27,108.49
562,2012-02-28,106.59
563,2012-02-29,107.08
564,2012-03-01,108.76
565,2012-03-02,106.68
566,2012-03-05,106.7
567,2012-03-06,104.71
568,2012-03-07,106.16
569,2012-03-08,106.65
570,2012-03-09,107.4
571,2012-03-12,106.34
572,2012-03-13,106.7
573,2012-03-14,105.49
574,2012-03-15,105.19
575,2012-03-16,107.03
576,2012-03-19,108.09
577,2012-03-20,105.68
578,2012-03-21,106.87
579,2012-03-22,104.98
580,2012-03-23,106.43
581,2012-03-26,107.07
582,2012-03-27,107.32
583,2012-03-28,105.4
584,2012-03-29,102.79
585,2012-03-30,103.03
586,2012-04-02,105.25
587,2012-04-03,104.02
588,2012-04-04,101.53
589,2012-04-05,103.29
590,2012-04-06,
591,2012-04-09,102.45
592,2012-04-10,101.12
593,2012-04-11,102.66
594,2012-04-12,103.69
595,2012-04-13,102.84
596,2012-04-16,102.92
597,2012-04-17,104.23
598,2012-04-18,102.65
599,2012-04-19,102.38
600,2012-04-20,103.58
601,2012-04-23,102.68
602,2012-04-24,103.1
603,2012-04-25,103.72
604,2012-04-26,104.56
605,2012-04-27,104.86
606,2012-04-30,104.89
607,2012-05-01,106.17
608,2012-05-02,105.25
609,2012-05-03,102.56
610,2012-05-04,98.49
611,2012-05-07,97.86
612,2012-05-08,97.13
613,2012-05-09,96.8
614,2012-05-10,97.1
615,2012-05-11,96.03
616,2012-05-14,94.75
617,2012-05-15,93.97
618,2012-05-16,92.78
619,2012-05-17,92.53
620,2012-05-18,91.51
621,2012-05-21,92.57
622,2012-05-22,91.44
623,2012-05-23,89.4
624,2012-05-24,90.36
625,2012-05-25,90.64
626,2012-05-28,
627,2012-05-29,90.75
628,2012-05-30,87.79
629,2012-05-31,86.52
630,2012-06-01,83.17
631,2012-06-04,83.95
632,2012-06-05,84.31
633,2012-06-06,85.05
634,2012-06-07,84.78
635,2012-06-08,84.08
636,2012-06-11,82.58
637,2012-06-12,83.35
638,2012-06-13,82.56
639,2012-06-14,83.83
640,2012-06-15,84.03
641,2012-06-18,83.26
642,2012-06-19,83.99
643,2012-06-20,81.06
644,2012-06-21,77.91
645,2012-06-22,79.33
646,2012-06-25,78.76
647,2012-06-26,79.34
648,2012-06-27,80.27
649,2012-06-28,77.72
650,2012-06-29,85.04
651,2012-07-02,83.72
652,2012-07-03,87.74
653,2012-07-04,
654,2012-07-05,87.11
655,2012-07-06,84.37
656,2012-07-09,85.93
657,2012-07-10,83.92
658,2012-07-11,85.88
659,2012-07-12,86.02
660,2012-07-13,87.15
661,2012-07-16,88.41
662,2012-07-17,89.07
663,2012-07-18,89.88
664,2012-07-19,92.78
665,2012-07-20,91.56
666,2012-07-23,87.77
667,2012-07-24,88.28
668,2012-07-25,88.8
669,2012-07-26,89.4
670,2012-07-27,90.13
671,2012-07-30,89.8
672,2012-07-31,88.08
673,2012-08-01,88.99
674,2012-08-02,87.22
675,2012-08-03,91.4
676,2012-08-06,92.3
677,2012-08-07,93.68
678,2012-08-08,93.39
679,2012-08-09,93.39
680,2012-08-10,92.94
681,2012-08-13,92.76
682,2012-08-14,93.4
683,2012-08-15,94.35
684,2012-08-16,95.66
685,2012-08-17,96.0
686,2012-08-20,96.03
687,2012-08-21,96.55
688,2012-08-22,96.89
689,2012-08-23,95.87
690,2012-08-24,95.78
691,2012-08-27,95.54
692,2012-08-28,96.3
693,2012-08-29,95.5
694,2012-08-30,94.61
695,2012-08-31,96.47
696,2012-09-03,
697,2012-09-04,95.34
698,2012-09-05,95.37
699,2012-09-06,95.58
700,2012-09-07,96.41
701,2012-09-10,96.52
702,2012-09-11,97.03
703,2012-09-12,97.02
704,2012-09-13,98.3
705,2012-09-14,98.94
706,2012-09-17,96.51
707,2012-09-18,95.25
708,2012-09-19,91.97
709,2012-09-20,92.14
710,2012-09-21,92.64
711,2012-09-24,91.68
712,2012-09-25,91.07
713,2012-09-26,89.92
714,2012-09-27,91.89
715,2012-09-28,92.18
716,2012-10-01,92.44
717,2012-10-02,91.88
718,2012-10-03,88.19
719,2012-10-04,91.69
720,2012-10-05,89.87
721,2012-10-08,89.43
722,2012-10-09,92.42
723,2012-10-10,91.24
724,2012-10-11,92.19
725,2012-10-12,91.83
726,2012-10-15,91.84
727,2012-10-16,92.07
728,2012-10-17,92.04
729,2012-10-18,92.0
730,2012-10-19,90.0
731,2012-10-22,88.3
732,2012-10-23,86.65
733,2012-10-24,85.39
734,2012-10-25,85.59
735,2012-10-26,85.84
736,2012-10-29,85.52
737,2012-10-30,85.65
738,2012-10-31,86.23
739,2012-11-01,87.05
740,2012-11-02,84.9
741,2012-11-05,85.64
742,2012-11-06,88.62
743,2012-11-07,84.5
744,2012-11-08,85.07
745,2012-11-09,86.08
746,2012-11-12,85.56
747,2012-11-13,85.38
748,2012-11-14,86.32
749,2012-11-15,85.45
750,2012-11-16,86.62
751,2012-11-19,89.05
752,2012-11-20,86.46
753,2012-11-21,87.08
754,2012-11-22,
755,2012-11-23,87.01
756,2012-11-26,87.28
757,2012-11-27,86.81
758,2012-11-28,86.1
759,2012-11-29,87.64
760,2012-11-30,88.54
761,2012-12-03,88.69
762,2012-12-04,88.04
763,2012-12-05,87.36
764,2012-12-06,85.47
765,2012-12-07,85.45
766,2012-12-10,85.14
767,2012-12-11,85.36
768,2012-12-12,86.35
769,2012-12-13,85.39
770,2012-12-14,86.32
771,2012-12-17,86.71
772,2012-12-18,87.46
773,2012-12-19,89.09
774,2012-12-20,89.76
775,2012-12-21,88.2
776,2012-12-24,88.29
777,2012-12-25,
778,2012-12-26,90.71
779,2012-12-27,90.91
780,2012-12-28,90.66
781,2012-12-31,91.83
782,2013-01-01,
783,2013-01-02,93.14
784,2013-01-03,92.97
785,2013-01-04,93.12
786,2013-01-07,93.2
787,2013-01-08,93.21
788,2013-01-09,93.08
789,2013-01-10,93.81
790,2013-01-11,93.6
791,2013-01-14,94.27
792,2013-01-15,93.26
793,2013-01-16,94.28
794,2013-01-17,95.49
795,2013-01-18,95.61
796,2013-01-21,
797,2013-01-22,96.09
798,2013-01-23,95.06
799,2013-01-24,95.35
800,2013-01-25,95.15
801,2013-01-28,95.95
802,2013-01-29,97.62
803,2013-01-30,97.98
804,2013-01-31,97.65
805,2013-02-01,97.46
806,2013-02-04,96.21
807,2013-02-05,96.68
808,2013-02-06,96.44
809,2013-02-07,95.84
810,2013-02-08,95.71
811,2013-02-11,97.01
812,2013-02-12,97.48
813,2013-02-13,97.03
814,2013-02-14,97.3
815,2013-02-15,95.95
816,2013-02-18,
817,2013-02-19,96.69
818,2013-02-20,94.92
819,2013-02-21,92.79
820,2013-02-22,93.12
821,2013-02-25,92.74
822,2013-02-26,92.63
823,2013-02-27,92.84
824,2013-02-28,92.03
825,2013-03-01,90.71
826,2013-03-04,90.13
827,2013-03-05,90.88
828,2013-03-06,90.47
829,2013-03-07,91.53
830,2013-03-08,92.01
831,2013-03-11,92.07
832,2013-03-12,92.44
833,2013-03-13,92.47
834,2013-03-14,93.03
835,2013-03-15,93.49
836,2013-03-18,93.71
837,2013-03-19,92.44
838,2013-03-20,93.21
839,2013-03-21,92.46
840,2013-03-22,93.41
841,2013-03-25,94.55
842,2013-03-26,95.99
843,2013-03-27,96.53
844,2013-03-28,97.24
845,2013-03-29,
846,2013-04-01,97.1
847,2013-04-02,97.23
848,2013-04-03,95.02
849,2013-04-04,93.26
850,2013-04-05,92.76
851,2013-04-08,93.36
852,2013-04-09,94.18
853,2013-04-10,94.59
854,2013-04-11,93.44
855,2013-04-12,91.23
856,2013-04-15,88.75
857,2013-04-16,88.73
858,2013-04-17,86.65
859,2013-04-18,87.83
860,2013-04-19,88.04
861,2013-04-22,88.81
862,2013-04-23,89.21
863,2013-04-24,91.07
864,2013-04-25,93.27
865,2013-04-26,92.63
866,2013-04-29,94.09
867,2013-04-30,93.22
868,2013-05-01,90.74
869,2013-05-02,93.7
870,2013-05-03,95.25
871,2013-05-06,95.8
872,2013-05-07,95.28
873,2013-05-08,96.24
874,2013-05-09,96.09
875,2013-05-10,95.81
876,2013-05-13,94.76
877,2013-05-14,93.96
878,2013-05-15,93.95
879,2013-05-16,94.85
880,2013-05-17,95.72
881,2013-05-20,96.29
882,2013-05-21,95.55
883,2013-05-22,93.98
884,2013-05-23,94.12
885,2013-05-24,93.84
886,2013-05-27,
887,2013-05-28,94.65
888,2013-05-29,93.13
889,2013-05-30,93.57
890,2013-05-31,91.93
891,2013-06-03,93.41
892,2013-06-04,93.36
893,2013-06-05,93.66
894,2013-06-06,94.71
895,2013-06-07,96.11
896,2013-06-10,95.82
897,2013-06-11,95.5
898,2013-06-12,95.98
899,2013-06-13,96.66
900,2013-06-14,97.83
901,2013-06-17,97.86
902,2013-06-18,98.46
903,2013-06-19,98.24
904,2013-06-20,94.89
905,2013-06-21,93.81
906,2013-06-24,95.07
907,2013-06-25,95.25
908,2013-06-26,95.47
909,2013-06-27,97.0
910,2013-06-28,96.36
911,2013-07-01,97.94
912,2013-07-02,99.65
913,2013-07-03,101.92
914,2013-07-04,
915,2013-07-05,103.09
916,2013-07-08,103.03
917,2013-07-09,103.46
918,2013-07-10,106.41
919,2013-07-11,104.77
920,2013-07-12,105.85
921,2013-07-15,106.2
922,2013-07-16,105.88
923,2013-07-17,106.39
924,2013-07-18,107.94
925,2013-07-19,108.0
926,2013-07-22,106.61
927,2013-07-23,107.13
928,2013-07-24,105.41
929,2013-07-25,105.47
930,2013-07-26,104.76
931,2013-07-29,104.61
932,2013-07-30,103.14
933,2013-07-31,105.1
934,2013-08-01,107.93
935,2013-08-02,106.94
936,2013-08-05,106.61
937,2013-08-06,105.32
938,2013-08-07,104.41
939,2013-08-08,103.45
940,2013-08-09,106.04
941,2013-08-12,106.19
942,2013-08-13,106.78
943,2013-08-14,106.89
944,2013-08-15,107.43
945,2013-08-16,107.58
946,2013-08-19,107.14
947,2013-08-20,104.9
948,2013-08-21,103.93
949,2013-08-22,104.93
950,2013-08-23,106.48
951,2013-08-26,105.88
952,2013-08-27,109.11
953,2013-08-28,110.17
954,2013-08-29,108.51
955,2013-08-30,107.98
956,2013-09-02,
957,2013-09-03,108.67
958,2013-09-04,107.29
959,2013-09-05,108.5
960,2013-09-06,110.62
961,2013-09-09,109.62
962,2013-09-10,107.48
963,2013-09-11,107.65
964,2013-09-12,108.72
965,2013-09-13,108.31
966,2013-09-16,106.54
967,2013-09-17,105.36
968,2013-09-18,108.23
969,2013-09-19,106.26
970,2013-09-20,104.7
971,2013-09-23,103.62
972,2013-09-24,103.22
973,2013-09-25,102.68
974,2013-09-26,103.1
975,2013-09-27,102.86
976,2013-09-30,102.36
977,2013-10-01,102.09
978,2013-10-02,104.15
979,2013-10-03,103.29
980,2013-10-04,103.83
981,2013-10-07,103.07
982,2013-10-08,103.54
983,2013-10-09,101.63
984,2013-10-10,103.08
985,2013-10-11,102.17
986,2013-10-14,102.46
987,2013-10-15,101.15
988,2013-10-16,102.34
989,2013-10-17,100.72
990,2013-10-18,100.87
991,2013-10-21,99.28
992,2013-10-22,97.63
993,2013-10-23,96.9
994,2013-10-24,96.65
995,2013-10-25,97.4
996,2013-10-28,98.74
997,2013-10-29,98.29
998,2013-10-30,96.81
999,2013-10-31,96.29
1000,2013-11-01,94.56
1001,2013-11-04,94.58
1002,2013-11-05,93.4
1003,2013-11-06,94.74
1004,2013-11-07,94.25
1005,2013-11-08,94.56
1006,2013-11-11,95.13
1007,2013-11-12,93.12
1008,2013-11-13,93.91
1009,2013-11-14,93.76
1010,2013-11-15,93.8
1011,2013-11-18,93.03
1012,2013-11-19,93.35
1013,2013-11-20,93.34
1014,2013-11-21,95.35
1015,2013-11-22,94.53
1016,2013-11-25,93.86
1017,2013-11-26,93.41
1018,2013-11-27,92.05
1019,2013-11-28,
1020,2013-11-29,92.55
1021,2013-12-02,93.61
1022,2013-12-03,95.83
1023,2013-12-04,96.97
1024,2013-12-05,97.14
1025,2013-12-06,97.48
1026,2013-12-09,97.1
1027,2013-12-10,98.32
1028,2013-12-11,97.25
1029,2013-12-12,97.21
1030,2013-12-13,96.27
1031,2013-12-16,97.18
1032,2013-12-17,96.99
1033,2013-12-18,97.59
1034,2013-12-19,98.4
1035,2013-12-20,99.11
1036,2013-12-23,98.62
1037,2013-12-24,98.87
1038,2013-12-25,
1039,2013-12-26,99.18
1040,2013-12-27,99.94
1041,2013-12-30,98.9
1042,2013-12-31,98.17
1043,2014-01-01,
1044,2014-01-02,95.14
1045,2014-01-03,93.66
1046,2014-01-06,93.12
1047,2014-01-07,93.31
1048,2014-01-08,91.9
1049,2014-01-09,91.36
1050,2014-01-10,92.39
1051,2014-01-13,91.45
1052,2014-01-14,92.15
1053,2014-01-15,93.78
1054,2014-01-16,93.54
1055,2014-01-17,93.96
1056,2014-01-20,
1057,2014-01-21,94.51
1058,2014-01-22,96.35
1059,2014-01-23,97.23
1060,2014-01-24,96.66
1061,2014-01-27,95.82
1062,2014-01-28,97.49
1063,2014-01-29,97.34
1064,2014-01-30,98.25
1065,2014-01-31,97.55
1066,2014-02-03,96.44
1067,2014-02-04,97.24
1068,2014-02-05,97.4
1069,2014-02-06,97.84
1070,2014-02-07,99.98
1071,2014-02-10,100.12
1072,2014-02-11,99.96
1073,2014-02-12,100.38
1074,2014-02-13,100.27
1075,2014-02-14,100.31
1076,2014-02-17,
1077,2014-02-18,102.54
1078,2014-02-19,103.46
1079,2014-02-20,103.2
1080,2014-02-21,102.53
1081,2014-02-24,103.17
1082,2014-02-25,102.2
1083,2014-02-26,102.93
1084,2014-02-27,102.68
1085,2014-02-28,102.88
1086,2014-03-03,105.34
1087,2014-03-04,103.64
1088,2014-03-05,101.75
1089,2014-03-06,101.82
1090,2014-03-07,102.82
1091,2014-03-10,101.39
1092,2014-03-11,100.29
1093,2014-03-12,98.29
1094,2014-03-13,98.57
1095,2014-03-14,99.23
1096,2014-03-17,98.43
1097,2014-03-18,100.08
1098,2014-03-19,100.71
1099,2014-03-20,99.68
1100,2014-03-21,99.97
1101,2014-03-24,100.05
1102,2014-03-25,99.66
1103,2014-03-26,100.61
1104,2014-03-27,101.25
1105,2014-03-28,101.73
1106,2014-03-31,101.57
1107,2014-04-01,99.69
1108,2014-04-02,99.6
1109,2014-04-03,100.29
1110,2014-04-04,101.16
1111,2014-04-07,100.43
1112,2014-04-08,102.57
1113,2014-04-09,103.55
1114,2014-04-10,103.37
1115,2014-04-11,103.68
1116,2014-04-14,104.05
1117,2014-04-15,103.7
1118,2014-04-16,103.71
1119,2014-04-17,104.33
1120,2014-04-18,
1121,2014-04-21,104.35
1122,2014-04-22,101.69
1123,2014-04-23,101.47
1124,2014-04-24,102.2
1125,2014-04-25,100.85
1126,2014-04-28,101.13
1127,2014-04-29,101.56
1128,2014-04-30,100.07
1129,2014-05-01,99.69
1130,2014-05-02,100.09
1131,2014-05-05,99.74
1132,2014-05-06,99.81
1133,2014-05-07,101.06
1134,2014-05-08,100.52
1135,2014-05-09,100.32
1136,2014-05-12,100.89
1137,2014-05-13,102.01
1138,2014-05-14,102.63
1139,2014-05-15,101.74
1140,2014-05-16,102.31
1141,2014-05-19,102.95
1142,2014-05-20,102.8
1143,2014-05-21,104.31
1144,2014-05-22,104.03
1145,2014-05-23,105.01
1146,2014-05-26,
1147,2014-05-27,104.78
1148,2014-05-28,103.37
1149,2014-05-29,104.26
1150,2014-05-30,103.4
1151,2014-06-02,103.07
1152,2014-06-03,103.34
1153,2014-06-04,103.27
1154,2014-06-05,103.17
1155,2014-06-06,103.32
1156,2014-06-09,105.09
1157,2014-06-10,105.02
1158,2014-06-11,105.04
1159,2014-06-12,107.2
1160,2014-06-13,107.49
1161,2014-06-16,107.52
1162,2014-06-17,106.95
1163,2014-06-18,106.64
1164,2014-06-19,107.08
1165,2014-06-20,107.95
1166,2014-06-23,106.83
1167,2014-06-24,106.64
1168,2014-06-25,107.04
1169,2014-06-26,106.49
1170,2014-06-27,106.46
1171,2014-06-30,106.07
1172,2014-07-01,106.06
1173,2014-07-02,105.18
1174,2014-07-03,104.76
1175,2014-07-04,
1176,2014-07-07,104.19
1177,2014-07-08,104.06
1178,2014-07-09,102.93
1179,2014-07-10,103.61
1180,2014-07-11,101.48
1181,2014-07-14,101.73
1182,2014-07-15,100.56
1183,2014-07-16,101.88
1184,2014-07-17,103.84
1185,2014-07-18,103.83
1186,2014-07-21,105.34
1187,2014-07-22,104.59
1188,2014-07-23,103.81
1189,2014-07-24,102.76
1190,2014-07-25,105.23
1191,2014-07-28,105.68
1192,2014-07-29,104.91
1193,2014-07-30,104.29
1194,2014-07-31,98.23
1195,2014-08-01,97.86
1196,2014-08-04,98.26
1197,2014-08-05,97.34
1198,2014-08-06,96.93
1199,2014-08-07,97.34
1200,2014-08-08,97.61
1201,2014-08-11,98.09
1202,2014-08-12,97.36
1203,2014-08-13,97.57
1204,2014-08-14,95.54
1205,2014-08-15,97.3
1206,2014-08-18,96.44
1207,2014-08-19,94.35
1208,2014-08-20,96.4
1209,2014-08-21,93.97
1210,2014-08-22,93.61
1211,2014-08-25,95.39
1212,2014-08-26,95.78
1213,2014-08-27,95.82
1214,2014-08-28,96.44
1215,2014-08-29,97.86
1216,2014-09-01,
1217,2014-09-02,92.92
1218,2014-09-03,95.5
1219,2014-09-04,94.51
1220,2014-09-05,93.32
1221,2014-09-08,92.64
1222,2014-09-09,92.73
1223,2014-09-10,91.71
1224,2014-09-11,92.89
1225,2014-09-12,92.18
1226,2014-09-15,92.86
1227,2014-09-16,94.91
1228,2014-09-17,94.33
1229,2014-09-18,93.07
1230,2014-09-19,92.43
1231,2014-09-22,91.46
1232,2014-09-23,91.55
1233,2014-09-24,93.6
1234,2014-09-25,93.59
1235,2014-09-26,95.55
1236,2014-09-29,94.53
1237,2014-09-30,91.17
1238,2014-10-01,90.74
1239,2014-10-02,91.02
1240,2014-10-03,89.76
1241,2014-10-06,90.33
1242,2014-10-07,88.89
1243,2014-10-08,87.29
1244,2014-10-09,85.76
1245,2014-10-10,85.87
1246,2014-10-13,85.73
1247,2014-10-14,81.72
1248,2014-10-15,81.82
1249,2014-10-16,82.33
1250,2014-10-17,82.8
1251,2014-10-20,82.76
1252,2014-10-21,83.25
1253,2014-10-22,80.52
1254,2014-10-23,82.81
1255,2014-10-24,81.27
1256,2014-10-27,81.26
1257,2014-10-28,81.36
1258,2014-10-29,82.25
1259,2014-10-30,81.06
1260,2014-10-31,80.53
1261,2014-11-03,78.77
1262,2014-11-04,77.15
1263,2014-11-05,78.71
1264,2014-11-06,77.87
1265,2014-11-07,78.71
1266,2014-11-10,77.43
1267,2014-11-11,77.85
1268,2014-11-12,77.16
1269,2014-11-13,74.13
1270,2014-11-14,75.91
1271,2014-11-17,75.64
1272,2014-11-18,74.55
1273,2014-11-19,74.55
1274,2014-11-20,75.63
1275,2014-11-21,76.52
1276,2014-11-24,75.74
1277,2014-11-25,74.04
1278,2014-11-26,73.7
1279,2014-11-27,
1280,2014-11-28,65.94
1281,2014-12-01,68.98
1282,2014-12-02,66.99
1283,2014-12-03,67.3
1284,2014-12-04,66.73
1285,2014-12-05,65.89
1286,2014-12-08,63.13
1287,2014-12-09,63.74
1288,2014-12-10,60.99
1289,2014-12-11,60.01
1290,2014-12-12,57.81
1291,2014-12-15,55.96
1292,2014-12-16,55.97
1293,2014-12-17,56.43
1294,2014-12-18,54.18
1295,2014-12-19,56.91
1296,2014-12-22,55.25
1297,2014-12-23,56.78
1298,2014-12-24,55.7
1299,2014-12-25,
1300,2014-12-26,54.59
1301,2014-12-29,53.46
1302,2014-12-30,54.14
1303,2014-12-31,53.45
1304,2015-01-01,
1305,2015-01-02,52.72
1306,2015-01-05,50.05
1307,2015-01-06,47.98
1308,2015-01-07,48.69
1309,2015-01-08,48.8
1310,2015-01-09,48.35
1311,2015-01-12,46.06
1312,2015-01-13,45.92
1313,2015-01-14,48.49
1314,2015-01-15,46.37
1315,2015-01-16,48.49
1316,2015-01-19,
1317,2015-01-20,46.79
1318,2015-01-21,47.85
1319,2015-01-22,45.93
1320,2015-01-23,45.26
1321,2015-01-26,44.8
1322,2015-01-27,45.84
1323,2015-01-28,44.08
1324,2015-01-29,44.12
1325,2015-01-30,47.79
1326,2015-02-02,49.25
1327,2015-02-03,53.04
1328,2015-02-04,48.45
1329,2015-02-05,50.48
1330,2015-02-06,51.66
1331,2015-02-09,52.99
1332,2015-02-10,50.06
1333,2015-02-11,48.8
1334,2015-02-12,51.17
1335,2015-02-13,52.66
1336,2015-02-16,
1337,2015-02-17,53.56
1338,2015-02-18,52.13
1339,2015-02-19,51.12
1340,2015-02-20,49.95
1341,2015-02-23,49.56
1342,2015-02-24,48.48
1343,2015-02-25,50.25
1344,2015-02-26,47.65
1345,2015-02-27,49.84
1346,2015-03-02,49.59
1347,2015-03-03,50.43
1348,2015-03-04,51.53
1349,2015-03-05,50.76
1350,2015-03-06,49.61
1351,2015-03-09,49.95
1352,2015-03-10,48.42
1353,2015-03-11,48.06
1354,2015-03-12,47.12
1355,2015-03-13,44.88
1356,2015-03-16,43.93
1357,2015-03-17,43.39
1358,2015-03-18,44.63
1359,2015-03-19,44.02
1360,2015-03-20,46.0
1361,2015-03-23,47.4
1362,2015-03-24,47.03
1363,2015-03-25,48.75
1364,2015-03-26,51.41
1365,2015-03-27,48.83
1366,2015-03-30,48.66
1367,2015-03-31,47.72
1368,2015-04-01,50.12
1369,2015-04-02,49.13
1370,2015-04-03,
1371,2015-04-06,52.08
1372,2015-04-07,53.95
1373,2015-04-08,50.44
1374,2015-04-09,50.79
1375,2015-04-10,51.63
1376,2015-04-13,51.95
1377,2015-04-14,53.3
1378,2015-04-15,56.25
1379,2015-04-16,56.69
1380,2015-04-17,55.71
1381,2015-04-20,56.37
1382,2015-04-21,55.58
1383,2015-04-22,56.17
1384,2015-04-23,56.59
1385,2015-04-24,55.98
1386,2015-04-27,55.56
1387,2015-04-28,57.05
1388,2015-04-29,58.55
1389,2015-04-30,59.62
1390,2015-05-01,59.1
1391,2015-05-04,58.92
1392,2015-05-05,60.38
1393,2015-05-06,60.93
1394,2015-05-07,58.99
1395,2015-05-08,59.41
1396,2015-05-11,59.23
1397,2015-05-12,60.72
1398,2015-05-13,60.5
1399,2015-05-14,59.89
1400,2015-05-15,59.73
1401,2015-05-18,59.44
1402,2015-05-19,57.3
1403,2015-05-20,58.96
1404,2015-05-21,60.18
1405,2015-05-22,58.88
1406,2015-05-25,
1407,2015-05-26,57.29
1408,2015-05-27,57.51
1409,2015-05-28,57.69
1410,2015-05-29,60.25
1411,2015-06-01,60.24
1412,2015-06-02,61.3
1413,2015-06-03,59.67
1414,2015-06-04,58.0
1415,2015-06-05,59.11
1416,2015-06-08,58.15
1417,2015-06-09,60.15
1418,2015-06-10,61.36
1419,2015-06-11,60.74
1420,2015-06-12,59.96
1421,2015-06-15,59.53
1422,2015-06-16,60.01
1423,2015-06-17,59.89
1424,2015-06-18,60.41
1425,2015-06-19,59.62
1426,2015-06-22,60.01
1427,2015-06-23,61.05
1428,2015-06-24,60.01
1429,2015-06-25,59.59
1430,2015-06-26,59.41
1431,2015-06-29,58.34
1432,2015-06-30,59.48
1433,2015-07-01,56.94
1434,2015-07-02,56.93
1435,2015-07-03,
1436,2015-07-06,52.48
1437,2015-07-07,52.33
1438,2015-07-08,51.61
1439,2015-07-09,52.76
1440,2015-07-10,52.74
1441,2015-07-13,52.19
1442,2015-07-14,53.05
1443,2015-07-15,51.4
1444,2015-07-16,50.9
1445,2015-07-17,50.88
1446,2015-07-20,50.11
1447,2015-07-21,50.59
1448,2015-07-22,49.27
1449,2015-07-23,48.11
1450,2015-07-24,47.98
1451,2015-07-27,47.17
1452,2015-07-28,47.97
1453,2015-07-29,48.77
1454,2015-07-30,48.53
1455,2015-07-31,47.11
1456,2015-08-03,45.25
1457,2015-08-04,45.75
1458,2015-08-05,45.13
1459,2015-08-06,44.69
1460,2015-08-07,43.87
1461,2015-08-10,44.94
1462,2015-08-11,43.11
1463,2015-08-12,43.22
1464,2015-08-13,42.27
1465,2015-08-14,42.45
1466,2015-08-17,41.93
1467,2015-08-18,42.58
1468,2015-08-19,40.75
1469,2015-08-20,41.0
1470,2015-08-21,40.45
1471,2015-08-24,38.22
1472,2015-08-25,39.15
1473,2015-08-26,38.5
1474,2015-08-27,42.47
1475,2015-08-28,45.29
1476,2015-08-31,49.2
1477,2015-09-01,45.38
1478,2015-09-02,46.3
1479,2015-09-03,46.75
1480,2015-09-04,46.02
1481,2015-09-07,
1482,2015-09-08,45.92
1483,2015-09-09,44.13
1484,2015-09-10,45.85
1485,2015-09-11,44.75
1486,2015-09-14,44.07
1487,2015-09-15,44.58
1488,2015-09-16,47.12
1489,2015-09-17,46.93
1490,2015-09-18,44.71
1491,2015-09-21,46.67
1492,2015-09-22,46.17
1493,2015-09-23,44.53
1494,2015-09-24,44.94
1495,2015-09-25,45.55
1496,2015-09-28,44.4
1497,2015-09-29,45.24
1498,2015-09-30,45.06
1499,2015-10-01,44.75
1500,2015-10-02,45.54
1501,2015-10-05,46.28
1502,2015-10-06,48.53
1503,2015-10-07,47.86
1504,2015-10-08,49.46
1505,2015-10-09,49.67
1506,2015-10-12,47.09
1507,2015-10-13,46.7
1508,2015-10-14,46.63
1509,2015-10-15,46.38
1510,2015-10-16,47.3
1511,2015-10-19,45.91
1512,2015-10-20,45.84
1513,2015-10-21,45.22
1514,2015-10-22,44.9
1515,2015-10-23,43.91
1516,2015-10-26,43.19
1517,2015-10-27,43.21
1518,2015-10-28,45.93
1519,2015-10-29,46.02
1520,2015-10-30,46.6
1521,2015-11-02,46.12
1522,2015-11-03,47.88
1523,2015-11-04,46.32
1524,2015-11-05,45.27
1525,2015-11-06,44.32
1526,2015-11-09,43.87
1527,2015-11-10,44.23
1528,2015-11-11,42.95
1529,2015-11-12,41.74
1530,2015-11-13,40.69
1531,2015-11-16,41.68
1532,2015-11-17,40.73
1533,2015-11-18,40.75
1534,2015-11-19,40.55
1535,2015-11-20,39.39
1536,2015-11-23,39.27
1537,2015-11-24,40.89
1538,2015-11-25,41.22
1539,2015-11-26,
1540,2015-11-27,40.57
1541,2015-11-30,40.43
1542,2015-12-01,40.58
1543,2015-12-02,39.93
1544,2015-12-03,41.08
1545,2015-12-04,40.0
1546,2015-12-07,37.64
1547,2015-12-08,37.46
1548,2015-12-09,37.16
1549,2015-12-10,36.76
1550,2015-12-11,35.65
1551,2015-12-14,36.31
1552,2015-12-15,37.32
1553,2015-12-16,35.55
1554,2015-12-17,34.98
1555,2015-12-18,34.72
1556,2015-12-21,34.55
1557,2015-12-22,36.12
1558,2015-12-23,36.76
1559,2015-12-24,37.62
1560,2015-12-25,
1561,2015-12-28,36.36
1562,2015-12-29,37.88
1563,2015-12-30,36.59
1564,2015-12-31,37.13
1565,2016-01-01,
1566,2016-01-04,36.81
1567,2016-01-05,35.97
1568,2016-01-06,33.97
1569,2016-01-07,33.29
1570,2016-01-08,33.2
1571,2016-01-11,31.42
1572,2016-01-12,30.42
1573,2016-01-13,30.42
1574,2016-01-14,31.22
1575,2016-01-15,29.45
1576,2016-01-18,
1577,2016-01-19,28.47
1578,2016-01-20,26.68
1579,2016-01-21,29.55
1580,2016-01-22,32.07
1581,2016-01-25,30.31
1582,2016-01-26,29.54
1583,2016-01-27,32.32
1584,2016-01-28,33.21
1585,2016-01-29,33.66
1586,2016-02-01,31.62
1587,2016-02-02,29.9
1588,2016-02-03,32.29
1589,2016-02-04,31.63
1590,2016-02-05,30.86
1591,2016-02-08,29.71
1592,2016-02-09,27.96
1593,2016-02-10,27.54
1594,2016-02-11,26.19
1595,2016-02-12,29.32
1596,2016-02-15,
1597,2016-02-16,29.05
1598,2016-02-17,30.68
1599,2016-02-18,30.77
1600,2016-02-19,29.59
1601,2016-02-22,31.37
1602,2016-02-23,31.84
1603,2016-02-24,30.35
1604,2016-02-25,31.4
1605,2016-02-26,31.65
1606,2016-02-29,32.74
1607,2016-03-01,34.39
1608,2016-03-02,34.57
1609,2016-03-03,34.56
1610,2016-03-04,35.91
1611,2016-03-07,37.9
1612,2016-03-08,36.67
1613,2016-03-09,37.62
1614,2016-03-10,37.77
1615,2016-03-11,38.51
1616,2016-03-14,37.2
1617,2016-03-15,36.32
1618,2016-03-16,38.43
1619,2016-03-17,40.17
1620,2016-03-18,39.47
1621,2016-03-21,39.91
1622,2016-03-22,41.45
1623,2016-03-23,38.28
1624,2016-03-24,38.14
1625,2016-03-25,
1626,2016-03-28,37.99
1627,2016-03-29,36.91
1628,2016-03-30,36.91
1629,2016-03-31,36.94
1630,2016-04-01,35.36
1631,2016-04-04,34.3
1632,2016-04-05,34.52
1633,2016-04-06,37.74
1634,2016-04-07,37.3
1635,2016-04-08,39.74
1636,2016-04-11,40.46
1637,2016-04-12,42.12
1638,2016-04-13,41.7
1639,2016-04-14,41.45
1640,2016-04-15,40.4
1641,2016-04-18,39.74
1642,2016-04-19,40.88
1643,2016-04-20,42.72
1644,2016-04-21,43.18
1645,2016-04-22,42.76
1646,2016-04-25,41.67
1647,2016-04-26,42.52
1648,2016-04-27,45.29
1649,2016-04-28,46.03
1650,2016-04-29,45.98
1651,2016-05-02,44.75
1652,2016-05-03,43.65
1653,2016-05-04,43.77
1654,2016-05-05,44.33
1655,2016-05-06,44.58
1656,2016-05-09,43.45
1657,2016-05-10,44.68
1658,2016-05-11,46.21
1659,2016-05-12,46.64
1660,2016-05-13,46.22
1661,2016-05-16,47.72
1662,2016-05-17,48.29
1663,2016-05-18,48.12
1664,2016-05-19,48.16
1665,2016-05-20,47.67
1666,2016-05-23,48.12
1667,2016-05-24,48.04
1668,2016-05-25,49.1
1669,2016-05-26,49.0
1670,2016-05-27,49.36
1671,2016-05-30,
1672,2016-05-31,49.1
1673,2016-06-01,49.07
1674,2016-06-02,49.14
1675,2016-06-03,48.69
1676,2016-06-06,49.71
1677,2016-06-07,50.37
1678,2016-06-08,51.23
1679,2016-06-09,50.52
1680,2016-06-10,49.09
1681,2016-06-13,48.89
1682,2016-06-14,48.49
1683,2016-06-15,47.92
1684,2016-06-16,46.14
1685,2016-06-17,48.0
1686,2016-06-20,49.4
1687,2016-06-21,48.95
1688,2016-06-22,49.16
1689,2016-06-23,49.34
1690,2016-06-24,46.7
1691,2016-06-27,45.8
1692,2016-06-28,47.93
1693,2016-06-29,49.85
1694,2016-06-30,48.27
1695,2016-07-01,49.02
1696,2016-07-04,
1697,2016-07-05,46.73
1698,2016-07-06,47.37
1699,2016-07-07,45.22
1700,2016-07-08,45.37
1701,2016-07-11,44.73
1702,2016-07-12,46.82
1703,2016-07-13,44.87
1704,2016-07-14,45.64
1705,2016-07-15,45.93
1706,2016-07-18,45.23
1707,2016-07-19,44.64
1708,2016-07-20,44.96
1709,2016-07-21,43.96
1710,2016-07-22,43.41
1711,2016-07-25,42.4
1712,2016-07-26,42.16
1713,2016-07-27,41.9
1714,2016-07-28,41.13
1715,2016-07-29,41.54
1716,2016-08-01,40.05
1717,2016-08-02,39.5
1718,2016-08-03,40.8
1719,2016-08-04,41.92
1720,2016-08-05,41.83
1721,2016-08-08,43.06
1722,2016-08-09,42.78
1723,2016-08-10,41.75
1724,2016-08-11,43.51
1725,2016-08-12,44.47
1726,2016-08-15,45.72
1727,2016-08-16,46.57
1728,2016-08-17,46.81
1729,2016-08-18,48.2
1730,2016-08-19,48.48
1731,2016-08-22,46.8
1732,2016-08-23,47.54
1733,2016-08-24,46.29
1734,2016-08-25,46.97
1735,2016-08-26,47.64
1736,2016-08-29,46.97
1737,2016-08-30,46.32
1738,2016-08-31,44.68
1739,2016-09-01,43.17
1740,2016-09-02,44.39
1741,2016-09-05,
1742,2016-09-06,44.85
1743,2016-09-07,45.47
1744,2016-09-08,47.63
1745,2016-09-09,45.88
1746,2016-09-12,46.28
1747,2016-09-13,44.91
1748,2016-09-14,43.62
1749,2016-09-15,43.85
1750,2016-09-16,43.04
1751,2016-09-19,43.34
1752,2016-09-20,43.85
1753,2016-09-21,45.33
1754,2016-09-22,46.1
1755,2016-09-23,44.36
1756,2016-09-26,45.6
1757,2016-09-27,44.65
1758,2016-09-28,47.07
1759,2016-09-29,47.72
1760,2016-09-30,47.72
1761,2016-10-03,48.8
1762,2016-10-04,48.67
1763,2016-10-05,49.75
1764,2016-10-06,50.44
1765,2016-10-07,49.76
1766,2016-10-10,49.76
1767,2016-10-11,50.72
1768,2016-10-12,50.14
1769,2016-10-13,50.47
1770,2016-10-14,50.35
1771,2016-10-17,49.97
1772,2016-10-18,50.3
1773,2016-10-19,51.59
1774,2016-10-20,50.31
1775,2016-10-21,50.61
1776,2016-10-24,50.18
1777,2016-10-25,49.45
1778,2016-10-26,48.75
1779,2016-10-27,49.71
1780,2016-10-28,48.72
1781,2016-10-31,46.83
1782,2016-11-01,46.66
1783,2016-11-02,45.32
1784,2016-11-03,44.66
1785,2016-11-04,44.07
1786,2016-11-07,44.88
1787,2016-11-08,44.96
1788,2016-11-09,45.2
1789,2016-11-10,44.62
1790,2016-11-11,43.39
1791,2016-11-14,43.29
1792,2016-11-15,45.86
1793,2016-11-16,45.56
1794,2016-11-17,45.37
1795,2016-11-18,45.69
1796,2016-11-21,47.48
1797,2016-11-22,48.07
1798,2016-11-23,46.72
1799,2016-11-24,
1800,2016-11-25,46.72
1801,2016-11-28,45.66
1802,2016-11-29,45.29
1803,2016-11-30,49.41
1804,2016-12-01,51.08
1805,2016-12-02,51.7
1806,2016-12-05,51.72
1807,2016-12-06,50.95
1808,2016-12-07,49.85
1809,2016-12-08,50.84
1810,2016-12-09,51.51
1811,2016-12-12,52.74
1812,2016-12-13,52.99
1813,2016-12-14,51.01
1814,2016-12-15,50.9
1815,2016-12-16,51.93
1816,2016-12-19,52.13
1817,2016-12-20,52.22
1818,2016-12-21,51.44
1819,2016-12-22,51.98
1820,2016-12-23,52.01
1821,2016-12-26,
1822,2016-12-27,52.82
1823,2016-12-28,54.01
1824,2016-12-29,53.8
1825,2016-12-30,53.75
1826,2017-01-02,
1827,2017-01-03,52.36
1828,2017-01-04,53.26
1829,2017-01-05,53.77
1830,2017-01-06,53.98
1831,2017-01-09,51.95
1832,2017-01-10,50.82
1833,2017-01-11,52.19
1834,2017-01-12,53.01
1835,2017-01-13,52.36
1836,2017-01-16,
1837,2017-01-17,52.45
1838,2017-01-18,51.12
1839,2017-01-19,51.39
1840,2017-01-20,52.33
1841,2017-01-23,52.77
1842,2017-01-24,52.38
1843,2017-01-25,52.14
1844,2017-01-26,53.24
1845,2017-01-27,53.18
1846,2017-01-30,52.63
1847,2017-01-31,52.75
1848,2017-02-01,53.9
1849,2017-02-02,53.55
1850,2017-02-03,53.81
1851,2017-02-06,53.01
1852,2017-02-07,52.19
1853,2017-02-08,52.37
1854,2017-02-09,52.99
1855,2017-02-10,53.84
1856,2017-02-13,52.96
1857,2017-02-14,53.21
1858,2017-02-15,53.11
1859,2017-02-16,53.41
1860,2017-02-17,53.41
1861,2017-02-20,
1862,2017-02-21,54.02
1863,2017-02-22,53.61
1864,2017-02-23,54.48
1865,2017-02-24,53.99
1866,2017-02-27,54.04
1867,2017-02-28,54.0
1868,2017-03-01,53.82
1869,2017-03-02,52.63
1870,2017-03-03,53.33
1871,2017-03-06,53.19
1872,2017-03-07,52.68
1873,2017-03-08,49.83
1874,2017-03-09,48.75
1875,2017-03-10,48.05
1876,2017-03-13,47.95
1877,2017-03-14,47.24
1878,2017-03-15,48.34
1879,2017-03-16,48.3
1880,2017-03-17,48.34
1881,2017-03-20,47.79
1882,2017-03-21,47.02
1883,2017-03-22,47.29
1884,2017-03-23,47.0
1885,2017-03-24,47.3
1886,2017-03-27,47.02
1887,2017-03-28,48.36
1888,2017-03-29,49.47
1889,2017-03-30,50.3
1890,2017-03-31,50.54
1891,2017-04-03,50.25
1892,2017-04-04,50.99
1893,2017-04-05,51.14
1894,2017-04-06,51.69
1895,2017-04-07,52.25
1896,2017-04-10,53.06
1897,2017-04-11,53.38
1898,2017-04-12,53.12
1899,2017-04-13,53.19
1900,2017-04-14,
1901,2017-04-17,52.62
1902,2017-04-18,52.46
1903,2017-04-19,50.49
1904,2017-04-20,50.26
1905,2017-04-21,49.64
1906,2017-04-24,48.9
1907,2017-04-25,49.22
1908,2017-04-26,49.22
1909,2017-04-27,48.96
1910,2017-04-28,49.31
1911,2017-05-01,48.83
1912,2017-05-02,47.65
1913,2017-05-03,47.79
1914,2017-05-04,45.55
1915,2017-05-05,46.23
1916,2017-05-08,46.46
1917,2017-05-09,45.84
1918,2017-05-10,47.28
1919,2017-05-11,47.81
1920,2017-05-12,47.83
1921,2017-05-15,48.86
1922,2017-05-16,48.64
1923,2017-05-17,49.04
1924,2017-05-18,49.36
1925,2017-05-19,50.32
1926,2017-05-22,50.81
1927,2017-05-23,51.12
1928,2017-05-24,50.99
1929,2017-05-25,48.57
1930,2017-05-26,49.58
1931,2017-05-29,
1932,2017-05-30,49.63
1933,2017-05-31,48.29
1934,2017-06-01,48.32
1935,2017-06-02,47.68
1936,2017-06-05,47.4
1937,2017-06-06,48.13
1938,2017-06-07,45.8
1939,2017-06-08,45.68
1940,2017-06-09,45.82
1941,2017-06-12,46.1
1942,2017-06-13,46.41
1943,2017-06-14,44.79
1944,2017-06-15,44.47
1945,2017-06-16,44.73
1946,2017-06-19,44.24
1947,2017-06-20,43.34
1948,2017-06-21,42.48
1949,2017-06-22,42.53
1950,2017-06-23,42.86
1951,2017-06-26,43.24
1952,2017-06-27,44.25
1953,2017-06-28,44.74
1954,2017-06-29,44.88
1955,2017-06-30,46.02
1956,2017-07-03,
1957,2017-07-04,
1958,2017-07-05,45.11
1959,2017-07-06,45.52
1960,2017-07-07,44.25
1961,2017-07-10,44.4
1962,2017-07-11,45.06
1963,2017-07-12,45.48
1964,2017-07-13,46.06
1965,2017-07-14,46.53
1966,2017-07-17,46.02
1967,2017-07-18,46.4
1968,2017-07-19,47.1
1969,2017-07-20,46.73
1970,2017-07-21,45.78
1971,2017-07-24,46.21
1972,2017-07-25,47.77
1973,2017-07-26,48.58
1974,2017-07-27,49.05
1975,2017-07-28,49.72
1976,2017-07-31,50.21
1977,2017-08-01,49.19
1978,2017-08-02,49.6
1979,2017-08-03,49.03
1980,2017-08-04,49.57
1981,2017-08-07,49.37
1982,2017-08-08,49.07
1983,2017-08-09,49.59
1984,2017-08-10,48.54
1985,2017-08-11,48.81
1986,2017-08-14,47.59
1987,2017-08-15,47.57
1988,2017-08-16,46.8
1989,2017-08-17,47.07
1990,2017-08-18,48.59
1991,2017-08-21,47.39
1992,2017-08-22,47.65
1993,2017-08-23,48.45
1994,2017-08-24,47.24
1995,2017-08-25,47.65
1996,2017-08-28,46.4
1997,2017-08-29,46.46
1998,2017-08-30,45.96
1999,2017-08-31,47.26
2000,2017-09-01,47.32
2001,2017-09-04,
2002,2017-09-05,48.63
2003,2017-09-06,49.13
2004,2017-09-07,49.1
2005,2017-09-08,47.44
2006,2017-09-11,48.06
2007,2017-09-12,48.21
2008,2017-09-13,49.3
2009,2017-09-14,49.86
2010,2017-09-15,49.9
2011,2017-09-18,49.88
2012,2017-09-19,49.54
2013,2017-09-20,50.29
2014,2017-09-21,50.58
2015,2017-09-22,50.33
2016,2017-09-25,51.85
2017,2017-09-26,51.59
2018,2017-09-27,52.14
2019,2017-09-28,51.62
2020,2017-09-29,51.67
2021,2017-10-02,50.59
2022,2017-10-03,50.44
2023,2017-10-04,50.0
2024,2017-10-05,50.79
2025,2017-10-06,49.34
2026,2017-10-09,49.58
2027,2017-10-10,50.93
2028,2017-10-11,51.3
2029,2017-10-12,50.61
2030,2017-10-13,51.43
2031,2017-10-16,51.86
2032,2017-10-17,51.87
2033,2017-10-18,52.05
2034,2017-10-19,51.29
2035,2017-10-20,51.63
2036,2017-10-23,51.91
2037,2017-10-24,52.32
2038,2017-10-25,51.97
2039,2017-10-26,52.41
2040,2017-10-27,53.92
2041,2017-10-30,54.11
2042,2017-10-31,54.36
2043,2017-11-01,54.32
2044,2017-11-02,54.55
2045,2017-11-03,55.63
2046,2017-11-06,57.34
2047,2017-11-07,57.19
2048,2017-11-08,56.82
2049,2017-11-09,57.16
2050,2017-11-10,56.75
2051,2017-11-13,56.77
2052,2017-11-14,55.67
2053,2017-11-15,55.28
2054,2017-11-16,55.14
2055,2017-11-17,56.21
2056,2017-11-20,56.21
2057,2017-11-21,56.84
2058,2017-11-22,57.88
2059,2017-11-23,
2060,2017-11-24,58.94
2061,2017-11-27,58.1
2062,2017-11-28,57.96
2063,2017-11-29,57.25
2064,2017-11-30,57.4
2065,2017-12-01,58.35
2066,2017-12-04,57.48
2067,2017-12-05,57.66
2068,2017-12-06,55.79
2069,2017-12-07,56.5
2070,2017-12-08,57.15
2071,2017-12-11,57.84
2072,2017-12-12,57.12
2073,2017-12-13,56.59
2074,2017-12-14,57.0
2075,2017-12-15,57.29
2076,2017-12-18,57.17
2077,2017-12-19,57.49
2078,2017-12-20,58.09
2079,2017-12-21,58.34
2080,2017-12-22,58.25
2081,2017-12-25,
2082,2017-12-26,59.55
2083,2017-12-27,59.67
2084,2017-12-28,59.84
2085,2017-12-29,60.46
2086,2018-01-01,
2087,2018-01-02,60.37
2088,2018-01-03,61.61
2089,2018-01-04,61.98
2090,2018-01-05,61.49
2091,2018-01-08,61.73
2092,2018-01-09,62.92
2093,2018-01-10,63.6
2094,2018-01-11,63.81
2095,2018-01-12,64.22
2096,2018-01-15,
2097,2018-01-16,63.82
2098,2018-01-17,63.92
2099,2018-01-18,63.96
2100,2018-01-19,63.38
2101,2018-01-22,63.66
2102,2018-01-23,64.45
2103,2018-01-24,65.69
2104,2018-01-25,65.62
2105,2018-01-26,66.27
2106,2018-01-29,65.71
2107,2018-01-30,64.64
2108,2018-01-31,64.82
2109,2018-02-01,65.92
2110,2018-02-02,65.5
2111,2018-02-05,64.18
2112,2018-02-06,63.48
2113,2018-02-07,61.91
2114,2018-02-08,61.3
2115,2018-02-09,59.2
2116,2018-02-12,59.41
2117,2018-02-13,59.33
2118,2018-02-14,60.7
2119,2018-02-15,61.48
2120,2018-02-16,61.89
2121,2018-02-19,
2122,2018-02-20,61.91
2123,2018-02-21,61.73
2124,2018-02-22,62.72
2125,2018-02-23,63.52
2126,2018-02-26,63.81
2127,2018-02-27,62.94
2128,2018-02-28,61.43
2129,2018-03-01,60.98
2130,2018-03-02,61.19
2131,2018-03-05,62.49
2132,2018-03-06,62.54
2133,2018-03-07,61.09
2134,2018-03-08,60.13
2135,2018-03-09,62.02
2136,2018-03-12,61.35
2137,2018-03-13,60.69
2138,2018-03-14,60.89
2139,2018-03-15,61.16
2140,2018-03-16,62.29
2141,2018-03-19,62.01
2142,2018-03-20,63.37
2143,2018-03-21,65.1
2144,2018-03-22,64.25
2145,2018-03-23,65.8
2146,2018-03-26,65.49
2147,2018-03-27,65.21
2148,2018-03-28,64.3
2149,2018-03-29,64.87
2150,2018-03-30,
2151,2018-04-02,63.05
2152,2018-04-03,63.41
2153,2018-04-04,63.35
2154,2018-04-05,63.53
2155,2018-04-06,62.03
2156,2018-04-09,63.4
2157,2018-04-10,65.48
2158,2018-04-11,66.81
2159,2018-04-12,67.07
2160,2018-04-13,67.35
2161,2018-04-16,66.23
2162,2018-04-17,66.5
2163,2018-04-18,68.44
2164,2018-04-19,68.3
2165,2018-04-20,68.26
2166,2018-04-23,67.61
2167,2018-04-24,67.66
2168,2018-04-25,68.0
2169,2018-04-26,68.18
2170,2018-04-27,68.11
2171,2018-04-30,68.56
2172,2018-05-01,67.28
2173,2018-05-02,67.91
2174,2018-05-03,68.45
2175,2018-05-04,69.71
2176,2018-05-07,70.74
2177,2018-05-08,68.83
2178,2018-05-09,71.16
2179,2018-05-10,71.36
2180,2018-05-11,70.69
2181,2018-05-14,71.01
2182,2018-05-15,71.34
2183,2018-05-16,71.43
2184,2018-05-17,71.47
2185,2018-05-18,71.23
2186,2018-05-21,72.26
2187,2018-05-22,72.09
2188,2018-05-23,71.85
2189,2018-05-24,70.77
2190,2018-05-25,67.92
2191,2018-05-28,
2192,2018-05-29,66.8
2193,2018-05-30,68.24
2194,2018-05-31,66.98
2195,2018-06-01,65.81
2196,2018-06-04,64.76
2197,2018-06-05,65.51
2198,2018-06-06,64.75
2199,2018-06-07,65.96
2200,2018-06-08,65.77
2201,2018-06-11,66.1
2202,2018-06-12,66.38
2203,2018-06-13,66.63
2204,2018-06-14,66.91
2205,2018-06-15,65.01
2206,2018-06-18,65.91
2207,2018-06-19,65.09
2208,2018-06-20,65.92
2209,2018-06-21,65.68
2210,2018-06-22,69.02
2211,2018-06-25,69.91
2212,2018-06-26,75.23
2213,2018-06-27,77.41
2214,2018-06-28,73.45
2215,2018-06-29,74.13
2216,2018-07-02,73.89
2217,2018-07-03,74.19
2218,2018-07-04,
2219,2018-07-05,73.05
2220,2018-07-06,73.78
2221,2018-07-09,73.93
2222,2018-07-10,74.11
2223,2018-07-11,70.47
2224,2018-07-12,70.28
2225,2018-07-13,71.03
2226,2018-07-16,68.22
2227,2018-07-17,68.03
2228,2018-07-18,68.78
2229,2018-07-19,69.42
2230,2018-07-20,70.31
2231,2018-07-23,67.9
2232,2018-07-24,70.77
2233,2018-07-25,71.13
2234,2018-07-26,71.59
2235,2018-07-27,68.66
2236,2018-07-30,71.19
2237,2018-07-31,69.88
2238,2018-08-01,68.8
2239,2018-08-02,68.95
2240,2018-08-03,68.49
2241,2018-08-06,69.01
2242,2018-08-07,69.17
2243,2018-08-08,66.92
2244,2018-08-09,66.81
2245,2018-08-10,67.61
2246,2018-08-13,67.25
2247,2018-08-14,67.04
2248,2018-08-15,65.07
2249,2018-08-16,65.44
2250,2018-08-17,65.93
2251,2018-08-20,66.5
2252,2018-08-21,67.32
2253,2018-08-22,67.85
2254,2018-08-23,69.13
2255,2018-08-24,69.71
2256,2018-08-27,69.97
2257,2018-08-28,68.54
2258,2018-08-29,69.68
2259,2018-08-30,70.25
2260,2018-08-31,69.84
2261,2018-09-03,
2262,2018-09-04,69.82
2263,2018-09-05,68.69
2264,2018-09-06,67.81
2265,2018-09-07,67.73
2266,2018-09-10,67.55
2267,2018-09-11,69.29
2268,2018-09-12,70.37
2269,2018-09-13,68.6
2270,2018-09-14,68.98
2271,2018-09-17,68.86
2272,2018-09-18,69.87
2273,2018-09-19,71.08
2274,2018-09-20,70.77
2275,2018-09-21,70.8
2276,2018-09-24,73.23
2277,2018-09-25,73.4
2278,2018-09-26,72.22
2279,2018-09-27,72.18
2280,2018-09-28,73.16
2281,2018-10-01,75.37
2282,2018-10-02,75.16
2283,2018-10-03,76.4
2284,2018-10-04,74.44
2285,2018-10-05,74.26
2286,2018-10-08,74.27
2287,2018-10-09,74.95
2288,2018-10-10,73.18
2289,2018-10-11,70.97
2290,2018-10-12,71.41
2291,2018-10-15,71.84
2292,2018-10-16,71.93
2293,2018-10-17,69.63
2294,2018-10-18,68.63
2295,2018-10-19,69.16
2296,2018-10-22,69.25
2297,2018-10-23,66.49
2298,2018-10-24,66.56
2299,2018-10-25,67.25
2300,2018-10-26,67.58
2301,2018-10-29,67.0
2302,2018-10-30,66.18
2303,2018-10-31,65.31
2304,2018-11-01,63.67
2305,2018-11-02,63.12
2306,2018-11-05,63.12
2307,2018-11-06,62.16
2308,2018-11-07,61.69
2309,2018-11-08,60.71
2310,2018-11-09,60.19
2311,2018-11-12,59.85
2312,2018-11-13,55.63
2313,2018-11-14,56.16
2314,2018-11-15,56.45
2315,2018-11-16,56.49
2316,2018-11-19,57.16
2317,2018-11-20,53.39
2318,2018-11-21,54.41
2319,2018-11-22,
2320,2018-11-23,
2321,2018-11-26,51.46
2322,2018-11-27,51.31
2323,2018-11-28,50.06
2324,2018-11-29,51.46
2325,2018-11-30,50.78
2326,2018-12-03,52.98
2327,2018-12-04,53.21
2328,2018-12-05,52.64
2329,2018-12-06,51.54
2330,2018-12-07,52.76
2331,2018-12-10,51.07
2332,2018-12-11,51.65
2333,2018-12-12,51.04
2334,2018-12-13,52.69
2335,2018-12-14,51.26
2336,2018-12-17,49.8
2337,2018-12-18,46.12
2338,2018-12-19,47.96
2339,2018-12-20,45.64
2340,2018-12-21,45.38
2341,2018-12-24,
2342,2018-12-25,
2343,2018-12-26,46.04
2344,2018-12-27,44.48
2345,2018-12-28,45.15
2346,2018-12-31,
2347,2019-01-01,
2348,2019-01-02,46.31
2349,2019-01-03,46.92
2350,2019-01-04,47.76
2351,2019-01-07,48.27
2352,2019-01-08,49.58
2353,2019-01-09,52.19
2354,2019-01-10,52.42
2355,2019-01-11,51.44
2356,2019-01-14,50.31
2357,2019-01-15,51.8
2358,2019-01-16,52.08
2359,2019-01-17,51.83
2360,2019-01-18,53.6
2361,2019-01-21,
2362,2019-01-22,52.59
2363,2019-01-23,52.44
2364,2019-01-24,52.94
2365,2019-01-25,53.53
2366,2019-01-28,51.79
2367,2019-01-29,53.07
2368,2019-01-30,54.18
2369,2019-01-31,53.84
2370,2019-02-01,55.29
2371,2019-02-04,54.57
2372,2019-02-05,53.69
2373,2019-02-06,53.94
2374,2019-02-07,52.68
2375,2019-02-08,52.75
2376,2019-02-11,52.43
2377,2019-02-12,53.14
2378,2019-02-13,53.84
2379,2019-02-14,54.4
2380,2019-02-15,55.58
2381,2019-02-18,
2382,2019-02-19,56.12
2383,2019-02-20,56.9
2384,2019-02-21,56.95
2385,2019-02-22,57.01
2386,2019-02-25,55.32
2387,2019-02-26,55.4
2388,2019-02-27,56.92
2389,2019-02-28,57.21
2390,2019-03-01,55.76
2391,2019-03-04,56.6
2392,2019-03-05,56.55
2393,2019-03-06,56.22
2394,2019-03-07,56.6
2395,2019-03-08,55.77
2396,2019-03-11,56.79
2397,2019-03-12,56.89
2398,2019-03-13,58.27
2399,2019-03-14,58.59
2400,2019-03-15,58.51
2401,2019-03-18,59.09
2402,2019-03-19,59.12
2403,2019-03-20,60.12
2404,2019-03-21,59.98
2405,2019-03-22,58.87
2406,2019-03-25,58.71
2407,2019-03-26,59.87
2408,2019-03-27,59.39
2409,2019-03-28,59.29
2410,2019-03-29,60.19
2411,2019-04-01,61.59
2412,2019-04-02,62.53
2413,2019-04-03,62.46
2414,2019-04-04,62.12
2415,2019-04-05,63.1
2416,2019-04-08,64.37
2417,2019-04-09,64.05
2418,2019-04-10,64.62
2419,2019-04-11,63.61
2420,2019-04-12,63.86
2421,2019-04-15,63.43
2422,2019-04-16,64.01
2423,2019-04-17,63.74
2424,2019-04-18,64.02
2425,2019-04-19,
2426,2019-04-22,65.66
2427,2019-04-23,66.24
2428,2019-04-24,65.96
2429,2019-04-25,65.23
2430,2019-04-26,63.29
2431,2019-04-29,63.39
2432,2019-04-30,63.83
2433,2019-05-01,63.55
2434,2019-05-02,61.75
2435,2019-05-03,61.98
2436,2019-05-06,62.3
2437,2019-05-07,61.41
2438,2019-05-08,62.13
2439,2019-05-09,61.58
2440,2019-05-10,61.65
2441,2019-05-13,60.97
2442,2019-05-14,61.82
2443,2019-05-15,62.03
2444,2019-05-16,62.93
2445,2019-05-17,62.77
2446,2019-05-20,63.12
2447,2019-05-21,63.02
2448,2019-05-22,61.42
2449,2019-05-23,57.65
2450,2019-05-24,58.4
2451,2019-05-27,
2452,2019-05-28,58.91
2453,2019-05-29,58.84
2454,2019-05-30,56.47
2455,2019-05-31,53.49
2456,2019-06-03,53.25
2457,2019-06-04,53.5
2458,2019-06-05,51.57
2459,2019-06-06,52.59
2460,2019-06-07,53.95
2461,2019-06-10,53.33
2462,2019-06-11,53.3
2463,2019-06-12,51.13
2464,2019-06-13,52.38
2465,2019-06-14,52.47
2466,2019-06-17,51.94
2467,2019-06-18,53.86
2468,2019-06-19,53.74
2469,2019-06-20,56.88
2470,2019-06-21,57.35
2471,2019-06-24,57.73
2472,2019-06-25,57.63
2473,2019-06-26,59.17
2474,2019-06-27,59.18
2475,2019-06-28,58.2
2476,2019-07-01,58.91
2477,2019-07-02,56.0
2478,2019-07-03,57.06
2479,2019-07-04,
2480,2019-07-05,
2481,2019-07-08,57.35
2482,2019-07-09,57.57
2483,2019-07-10,60.28
2484,2019-07-11,59.93
2485,2019-07-12,59.99
2486,2019-07-15,59.3
2487,2019-07-16,57.44
2488,2019-07-17,56.5
2489,2019-07-18,55.08
2490,2019-07-19,55.42
2491,2019-07-22,55.87
2492,2019-07-23,56.58
2493,2019-07-24,55.9
2494,2019-07-25,55.88
2495,2019-07-26,56.04
2496,2019-07-29,56.85
2497,2019-07-30,58.04
2498,2019-07-31,58.53
2499,2019-08-01,53.64
2500,2019-08-02,55.67
2501,2019-08-05,54.63
2502,2019-08-06,53.6
2503,2019-08-07,51.14
2504,2019-08-08,52.6
2505,2019-08-09,54.41
2506,2019-08-12,54.98
2507,2019-08-13,57.05
2508,2019-08-14,55.16
2509,2019-08-15,54.51
2510,2019-08-16,54.83
2511,2019-08-19,56.24
2512,2019-08-20,56.18
2513,2019-08-21,55.65
2514,2019-08-22,55.33
2515,2019-08-23,54.08
2516,2019-08-26,53.54
2517,2019-08-27,54.99
2518,2019-08-28,55.76
2519,2019-08-29,56.67
2520,2019-08-30,55.07
2521,2019-09-02,
2522,2019-09-03,53.91
2523,2019-09-04,56.22
2524,2019-09-05,56.33
2525,2019-09-06,56.45
2526,2019-09-09,57.88
2527,2019-09-10,57.37
2528,2019-09-11,55.66
2529,2019-09-12,55.13
2530,2019-09-13,54.76
2531,2019-09-16,63.1
2532,2019-09-17,59.26
2533,2019-09-18,58.19
2534,2019-09-19,58.19
2535,2019-09-20,57.92
2536,2019-09-23,58.69
2537,2019-09-24,57.22
2538,2019-09-25,56.38
2539,2019-09-26,56.24
2540,2019-09-27,55.95
2541,2019-09-30,54.09
2542,2019-10-01,53.6
2543,2019-10-02,52.67
2544,2019-10-03,52.41
2545,2019-10-04,52.84
2546,2019-10-07,52.76
2547,2019-10-08,52.64
2548,2019-10-09,52.63
2549,2019-10-10,53.57
2550,2019-10-11,54.76
2551,2019-10-14,53.57
2552,2019-10-15,52.81
2553,2019-10-16,53.42
2554,2019-10-17,53.89
2555,2019-10-18,53.75
2556,2019-10-21,53.28
2557,2019-10-22,54.21
2558,2019-10-23,55.9
2559,2019-10-24,56.11
2560,2019-10-25,56.52
2561,2019-10-28,55.6
2562,2019-10-29,55.34
2563,2019-10-30,54.85
2564,2019-10-31,54.02
2565,2019-11-01,56.04
2566,2019-11-04,56.33
2567,2019-11-05,57.04
2568,2019-11-06,56.15
2569,2019-11-07,56.91
2570,2019-11-08,57.02
2571,2019-11-11,
2572,2019-11-12,56.67
2573,2019-11-13,56.88
2574,2019-11-14,56.57
2575,2019-11-15,57.54
2576,2019-11-18,56.82
2577,2019-11-19,54.93
2578,2019-11-20,56.71
2579,2019-11-21,58.36
2580,2019-11-22,57.68
2581,2019-11-25,57.79
2582,2019-11-26,58.25
2583,2019-11-27,58.12
2584,2019-11-28,
2585,2019-11-29,58.12
2586,2019-12-02,55.97
2587,2019-12-03,56.15
2588,2019-12-04,58.46
2589,2019-12-05,58.42
2590,2019-12-06,59.2
2591,2019-12-09,58.99
2592,2019-12-10,59.22
2593,2019-12-11,58.74
2594,2019-12-12,59.18
2595,2019-12-13,60.11
2596,2019-12-16,60.21
2597,2019-12-17,60.88
2598,2019-12-18,60.93
2599,2019-12-19,61.3
2600,2019-12-20,60.43
2601,2019-12-23,60.51
2602,2019-12-24,61.17
2603,2019-12-25,
2604,2019-12-26,61.72
2605,2019-12-27,61.76
2606,2019-12-30,61.66
2607,2019-12-31,61.14
2608,2020-01-01,
2609,2020-01-02,61.17
2610,2020-01-03,63.0
2611,2020-01-06,63.27
2612,2020-01-07,62.7
2613,2020-01-08,59.65
2614,2020-01-09,59.56
2615,2020-01-10,59.02
2616,2020-01-13,58.17
2617,2020-01-14,58.34
2618,2020-01-15,57.86
2619,2020-01-16,58.52
2620,2020-01-17,58.55
2621,2020-01-20,
2622,2020-01-21,58.25
2623,2020-01-22,56.76
2624,2020-01-23,55.51
2625,2020-01-24,54.09
2626,2020-01-27,53.09
2627,2020-01-28,53.33
2628,2020-01-29,53.29
2629,2020-01-30,52.19
2630,2020-01-31,51.58
2631,2020-02-03,50.06
2632,2020-02-04,49.59
2633,2020-02-05,50.87
2634,2020-02-06,50.94
2635,2020-02-07,50.34
2636,2020-02-10,49.59
2637,2020-02-11,50.0
2638,2020-02-12,51.13
2639,2020-02-13,51.41
2640,2020-02-14,52.03
2641,2020-02-17,
2642,2020-02-18,52.1
2643,2020-02-19,53.31
2644,2020-02-20,53.77
2645,2020-02-21,53.36
2646,2020-02-24,51.36
2647,2020-02-25,49.78
2648,2020-02-26,48.67
2649,2020-02-27,47.17
2650,2020-02-28,44.83
2651,2020-03-02,46.78
2652,2020-03-03,47.27
2653,2020-03-04,46.78
2654,2020-03-05,45.9
2655,2020-03-06,41.14
2656,2020-03-09,31.05
2657,2020-03-10,34.47
2658,2020-03-11,33.13
2659,2020-03-12,31.56
2660,2020-03-13,31.72
2661,2020-03-16,28.96
2662,2020-03-17,26.96
2663,2020-03-18,20.48
2664,2020-03-19,25.09
2665,2020-03-20,19.48
2666,2020-03-23,23.33
2667,2020-03-24,21.03
2668,2020-03-25,20.75
2669,2020-03-26,16.6
2670,2020-03-27,15.48
2671,2020-03-30,14.1
2672,2020-03-31,20.51
2673,2020-04-01,20.28
2674,2020-04-02,25.18
2675,2020-04-03,28.36
2676,2020-04-06,26.21
2677,2020-04-07,23.54
2678,2020-04-08,24.97
2679,2020-04-09,22.9
2680,2020-04-10,
2681,2020-04-13,22.36
2682,2020-04-14,20.15
2683,2020-04-15,19.96
2684,2020-04-16,19.82
2685,2020-04-17,18.31
2686,2020-04-20,-36.98
2687,2020-04-21,8.91
2688,2020-04-22,13.64
2689,2020-04-23,15.06
2690,2020-04-24,15.99
2691,2020-04-27,12.17
2692,2020-04-28,12.4
2693,2020-04-29,15.04
2694,2020-04-30,19.23
2695,2020-05-01,19.72
2696,2020-05-04,20.47
2697,2020-05-05,24.56
2698,2020-05-06,23.88
2699,2020-05-07,23.68
2700,2020-05-08,24.73
2701,2020-05-11,24.02
2702,2020-05-12,25.76
2703,2020-05-13,25.37
2704,2020-05-14,27.4
2705,2020-05-15,29.44
2706,2020-05-18,31.83
2707,2020-05-19,32.3
2708,2020-05-20,33.56
2709,2020-05-21,34.3
2710,2020-05-22,33.49
2711,2020-05-25,
2712,2020-05-26,34.7
2713,2020-05-27,32.8
2714,2020-05-28,33.67
2715,2020-05-29,35.57
2716,2020-06-01,35.49
2717,2020-06-02,36.88
2718,2020-06-03,37.33
2719,2020-06-04,37.42
2720,2020-06-05,39.49
2721,2020-06-08,38.17
2722,2020-06-09,38.98
2723,2020-06-10,39.54
2724,2020-06-11,36.43
2725,2020-06-12,36.24
2726,2020-06-15,37.07
2727,2020-06-16,38.26
2728,2020-06-17,37.91
2729,2020-06-18,38.79
2730,2020-06-19,39.72
2731,2020-06-22,40.6
2732,2020-06-23,40.4
2733,2020-06-24,37.91
2734,2020-06-25,38.66
2735,2020-06-26,38.53
2736,2020-06-29,39.67
2737,2020-06-30,39.27
2738,2020-07-01,39.88
2739,2020-07-02,40.57
2740,2020-07-03,
2741,2020-07-06,40.51
2742,2020-07-07,40.59
2743,2020-07-08,40.91
2744,2020-07-09,39.64
2745,2020-07-10,40.56
2746,2020-07-13,40.06
2747,2020-07-14,40.3
2748,2020-07-15,41.2
2749,2020-07-16,40.74
2750,2020-07-17,40.55
2751,2020-07-20,40.83
2752,2020-07-21,41.76
2753,2020-07-22,41.88
2754,2020-07-23,40.99
2755,2020-07-24,41.23
2756,2020-07-27,41.46
2757,2020-07-28,40.89
2758,2020-07-29,41.13
2759,2020-07-30,39.85
2760,2020-07-31,40.1
2761,2020-08-03,40.83
2762,2020-08-04,41.67
2763,2020-08-05,42.25
2764,2020-08-06,41.93
2765,2020-08-07,41.16
2766,2020-08-10,41.94
2767,2020-08-11,41.53
2768,2020-08-12,42.6
2769,2020-08-13,42.26
2770,2020-08-14,42.05
2771,2020-08-17,42.89
2772,2020-08-18,42.89
2773,2020-08-19,42.91
2774,2020-08-20,42.62
2775,2020-08-21,42.32
2776,2020-08-24,42.44
2777,2020-08-25,43.17
2778,2020-08-26,43.21
2779,2020-08-27,42.88
2780,2020-08-28,42.96
2781,2020-08-31,42.61
2782,2020-09-01,42.76
2783,2020-09-02,42.76
2784,2020-09-03,41.39
2785,2020-09-04,39.69
2786,2020-09-07,
2787,2020-09-08,36.87
2788,2020-09-09,38.05
2789,2020-09-10,37.25
2790,2020-09-11,37.33
2791,2020-09-14,37.23
2792,2020-09-15,38.29
2793,2020-09-16,40.17
2794,2020-09-17,40.99
2795,2020-09-18,41.09
2796,2020-09-21,39.26
2797,2020-09-22,39.55
2798,2020-09-23,39.92
2799,2020-09-24,40.11
2800,2020-09-25,40.06
2801,2020-09-28,40.47
2802,2020-09-29,39.03
2803,2020-09-30,40.05
2804,2020-10-01,38.51
2805,2020-10-02,36.9
2806,2020-10-05,39.12
2807,2020-10-06,40.52
2808,2020-10-07,39.82
2809,2020-10-08,41.04
2810,2020-10-09,40.44
2811,2020-10-12,39.22
2812,2020-10-13,40.03
2813,2020-10-14,40.86
2814,2020-10-15,40.84
2815,2020-10-16,40.7
2816,2020-10-19,40.69
2817,2020-10-20,41.37
2818,2020-10-21,39.88
2819,2020-10-22,40.46
2820,2020-10-23,39.73
2821,2020-10-26,38.39
2822,2020-10-27,39.34
2823,2020-10-28,37.27
2824,2020-10-29,35.94
2825,2020-10-30,35.64
2826,2020-11-02,36.6
2827,2020-11-03,37.44
2828,2020-11-04,38.97
2829,2020-11-05,38.56
2830,2020-11-06,36.97
2831,2020-11-09,40.05
2832,2020-11-10,41.18
2833,2020-11-11,41.23
2834,2020-11-12,40.9
2835,2020-11-13,39.93
2836,2020-11-16,41.14
2837,2020-11-17,41.24
2838,2020-11-18,41.64
2839,2020-11-19,41.57
2840,2020-11-20,41.99
2841,2020-11-23,42.91
2842,2020-11-24,44.71
2843,2020-11-25,45.58
2844,2020-11-26,
2845,2020-11-27,
2846,2020-11-30,45.2
2847,2020-12-01,44.54
2848,2020-12-02,45.23
2849,2020-12-03,45.65
2850,2020-12-04,46.23
2851,2020-12-07,45.72
2852,2020-12-08,45.64
2853,2020-12-09,45.48
2854,2020-12-10,46.76
2855,2020-12-11,46.59
2856,2020-12-14,47.02
2857,2020-12-15,47.58
2858,2020-12-16,47.86
2859,2020-12-17,48.34
2860,2020-12-18,49.04
2861,2020-12-21,47.79
2862,2020-12-22,47.02
2863,2020-12-23,47.94
2864,2020-12-24,48.18
2865,2020-12-25,
2866,2020-12-28,47.5
2867,2020-12-29,47.85
2868,2020-12-30,48.24
2869,2020-12-31,48.35
2870,2021-01-01,
2871,2021-01-04,47.47
2872,2021-01-05,49.78
2873,2021-01-06,50.45
2874,2021-01-07,50.63
2875,2021-01-08,52.14
2876,2021-01-11,52.15
2877,2021-01-12,53.08
2878,2021-01-13,52.81
2879,2021-01-14,53.47
2880,2021-01-15,52.25
2881,2021-01-18,
2882,2021-01-19,52.87
2883,2021-01-20,53.16
2884,2021-01-21,53.0
2885,2021-01-22,52.28
2886,2021-01-25,52.78
2887,2021-01-26,52.61
2888,2021-01-27,52.81
2889,2021-01-28,52.26
2890,2021-01-29,52.16
2891,2021-02-01,53.55
2892,2021-02-02,54.77
2893,2021-02-03,55.67
2894,2021-02-04,56.19
2895,2021-02-05,56.8
2896,2021-02-08,57.95
2897,2021-02-09,58.34
2898,2021-02-10,58.69
2899,2021-02-11,58.22
2900,2021-02-12,59.5
2901,2021-02-15,
2902,2021-02-16,60.07
2903,2021-02-17,61.09
2904,2021-02-18,60.4
2905,2021-02-19,59.12
2906,2021-02-22,61.67
2907,2021-02-23,61.66
2908,2021-02-24,63.21
2909,2021-02-25,63.43
2910,2021-02-26,61.55
2911,2021-03-01,60.54
2912,2021-03-02,59.7
2913,2021-03-03,61.33
2914,2021-03-04,63.81
2915,2021-03-05,66.08
2916,2021-03-08,65.03
2917,2021-03-09,64.02
2918,2021-03-10,64.45
2919,2021-03-11,66.02
2920,2021-03-12,65.59
2921,2021-03-15,65.36
2922,2021-03-16,64.82
2923,2021-03-17,64.55
2924,2021-03-18,59.95
2925,2021-03-19,61.43
2926,2021-03-22,61.48
2927,2021-03-23,57.75
2928,2021-03-24,61.12
2929,2021-03-25,58.47
2930,2021-03-26,60.93
2931,2021-03-29,61.49
2932,2021-03-30,60.55
2933,2021-03-31,59.19
2934,2021-04-01,61.41
2935,2021-04-02,
2936,2021-04-05,58.73
2937,2021-04-06,59.34
2938,2021-04-07,59.77
2939,2021-04-08,59.61
2940,2021-04-09,59.29
2941,2021-04-12,59.7
2942,2021-04-13,60.2
2943,2021-04-14,63.15
2944,2021-04-15,63.42
2945,2021-04-16,63.16
2946,2021-04-19,63.33
2947,2021-04-20,62.61
2948,2021-04-21,61.34
2949,2021-04-22,61.45
2950,2021-04-23,62.18
2951,2021-04-26,62.02
2952,2021-04-27,63.03
2953,2021-04-28,63.81
2954,2021-04-29,65.0
2955,2021-04-30,63.5
2956,2021-05-03,64.46
2957,2021-05-04,65.72
2958,2021-05-05,65.63
2959,2021-05-06,64.73
2960,2021-05-07,64.96
2961,2021-05-10,64.92
2962,2021-05-11,65.31
2963,2021-05-12,65.96
2964,2021-05-13,63.82
2965,2021-05-14,65.32
2966,2021-05-17,66.24
2967,2021-05-18,65.49
2968,2021-05-19,63.28
2969,2021-05-20,61.95
2970,2021-05-21,63.61
2971,2021-05-24,66.13
2972,2021-05-25,66.27
2973,2021-05-26,66.41
2974,2021-05-27,66.87
2975,2021-05-28,66.31
2976,2021-05-31,
2977,2021-06-01,67.8
2978,2021-06-02,68.79
2979,2021-06-03,68.81
2980,2021-06-04,69.57
2981,2021-06-07,69.21
2982,2021-06-08,70.11
2983,2021-06-09,69.9
2984,2021-06-10,70.34
2985,2021-06-11,71.0
2986,2021-06-14,70.94
2987,2021-06-15,72.06
2988,2021-06-16,72.03
2989,2021-06-17,71.06
2990,2021-06-18,71.64
2991,2021-06-21,73.64
2992,2021-06-22,73.15
2993,2021-06-23,73.11
2994,2021-06-24,73.31
2995,2021-06-25,74.21
2996,2021-06-28,72.98
2997,2021-06-29,73.14
2998,2021-06-30,73.52
2999,2021-07-01,75.33
3000,2021-07-02,75.37
3001,2021-07-05,
3002,2021-07-06,73.62
3003,2021-07-07,72.22
3004,2021-07-08,72.98
3005,2021-07-09,74.56
3006,2021-07-12,74.21
3007,2021-07-13,75.24
3008,2021-07-14,73.06
3009,2021-07-15,71.67
3010,2021-07-16,71.76
3011,2021-07-19,66.45
3012,2021-07-20,67.32
3013,2021-07-21,70.26
3014,2021-07-22,72.15
3015,2021-07-23,72.24
3016,2021-07-26,72.15
3017,2021-07-27,71.68
3018,2021-07-28,72.37
3019,2021-07-29,73.62
3020,2021-07-30,73.93
3021,2021-08-02,71.31
3022,2021-08-03,70.64
3023,2021-08-04,68.19
3024,2021-08-05,69.1
3025,2021-08-06,68.26
3026,2021-08-09,66.56
3027,2021-08-10,68.33
3028,2021-08-11,69.3
3029,2021-08-12,69.12
3030,2021-08-13,68.36
3031,2021-08-16,67.44
3032,2021-08-17,66.5
3033,2021-08-18,65.36
3034,2021-08-19,63.69
3035,2021-08-20,62.25
3036,2021-08-23,65.65
3037,2021-08-24,67.5
3038,2021-08-25,68.54
3039,2021-08-26,67.42
3040,2021-08-27,68.84
3041,2021-08-30,69.28
3042,2021-08-31,68.43
3043,2021-09-01,68.63
3044,2021-09-02,70.07
3045,2021-09-03,69.34
3046,2021-09-06,
3047,2021-09-07,68.49
3048,2021-09-08,69.36
3049,2021-09-09,68.26
3050,2021-09-10,69.82
3051,2021-09-13,70.54
3052,2021-09-14,70.53
3053,2021-09-15,72.59
3054,2021-09-16,72.69
3055,2021-09-17,72.09
3056,2021-09-20,70.41
3057,2021-09-21,70.51
3058,2021-09-22,72.37
3059,2021-09-23,73.43
3060,2021-09-24,74.18
3061,2021-09-27,75.54
3062,2021-09-28,75.44
3063,2021-09-29,75.06
3064,2021-09-30,75.22
3065,2021-10-01,76.01
3066,2021-10-04,77.68
3067,2021-10-05,79.17
3068,2021-10-06,77.66
3069,2021-10-07,78.46
3070,2021-10-08,79.55
3071,2021-10-11,80.64
3072,2021-10-12,80.75
3073,2021-10-13,80.67
3074,2021-10-14,81.43
3075,2021-10-15,82.39
3076,2021-10-18,82.62
3077,2021-10-19,83.19
3078,2021-10-20,84.4
3079,2021-10-21,82.64
3080,2021-10-22,84.53
3081,2021-10-25,84.64
3082,2021-10-26,85.64
3083,2021-10-27,82.66
3084,2021-10-28,82.78
3085,2021-10-29,83.5
3086,2021-11-01,84.08
3087,2021-11-02,83.91
3088,2021-11-03,80.82
3089,2021-11-04,78.88
3090,2021-11-05,81.25
3091,2021-11-08,81.96
3092,2021-11-09,84.12
3093,2021-11-10,81.23
3094,2021-11-11,81.47
3095,2021-11-12,80.87
3096,2021-11-15,80.85
3097,2021-11-16,80.76
3098,2021-11-17,78.32
3099,2021-11-18,78.92
3100,2021-11-19,76.11
3101,2021-11-22,76.74
3102,2021-11-23,78.32
3103,2021-11-24,78.32
3104,2021-11-25,
3105,2021-11-26,
3106,2021-11-29,69.88
3107,2021-11-30,66.14
3108,2021-12-01,65.44
3109,2021-12-02,66.6
3110,2021-12-03,66.39
3111,2021-12-06,69.62
3112,2021-12-07,71.94
3113,2021-12-08,72.43
3114,2021-12-09,70.87
3115,2021-12-10,71.71
3116,2021-12-13,71.19
3117,2021-12-14,70.57
3118,2021-12-15,70.89
3119,2021-12-16,72.34
3120,2021-12-17,70.93
3121,2021-12-20,68.69
3122,2021-12-21,71.1
3123,2021-12-22,72.82
3124,2021-12-23,73.89
3125,2021-12-24,
3126,2021-12-27,75.49
3127,2021-12-28,76.01
3128,2021-12-29,76.58
3129,2021-12-30,76.83
3130,2021-12-31,75.33
3131,2022-01-03,75.99
3132,2022-01-04,77.0
3133,2022-01-05,77.83
3134,2022-01-06,79.47
3135,2022-01-07,79.0
3136,2022-01-10,78.11
3137,2022-01-11,81.17
3138,2022-01-12,82.51
3139,2022-01-13,81.97
3140,2022-01-14,83.82
3141,2022-01-17,
3142,2022-01-18,85.42
3143,2022-01-19,86.84
3144,2022-01-20,86.29
3145,2022-01-21,85.16
3146,2022-01-24,84.48
3147,2022-01-25,86.61
3148,2022-01-26,88.33
3149,2022-01-27,87.61
3150,2022-01-28,87.67
3151,2022-01-31,89.16
3152,2022-02-01,88.22
3153,2022-02-02,88.16
3154,2022-02-03,90.17
3155,2022-02-04,92.27
3156,2022-02-07,91.25
3157,2022-02-08,89.32
3158,2022-02-09,89.57
3159,2022-02-10,89.83
3160,2022-02-11,93.1
3161,2022-02-14,95.52
3162,2022-02-15,92.07
3163,2022-02-16,93.83
3164,2022-02-17,91.78
3165,2022-02-18,91.26
3166,2022-02-21,
3167,2022-02-22,92.11
3168,2022-02-23,92.14
3169,2022-02-24,92.77
3170,2022-02-25,91.68
3171,2022-02-28,96.13
3172,2022-03-01,103.66
3173,2022-03-02,110.74
3174,2022-03-03,107.69
3175,2022-03-04,115.77
3176,2022-03-07,119.26
3177,2022-03-08,123.64
3178,2022-03-09,108.81
3179,2022-03-10,105.93
3180,2022-03-11,109.31
3181,2022-03-14,103.22
3182,2022-03-15,96.42
3183,2022-03-16,94.85
3184,2022-03-17,102.97
3185,2022-03-18,104.69
3186,2022-03-21,112.14
3187,2022-03-22,111.03
3188,2022-03-23,114.89
3189,2022-03-24,114.2
3190,2022-03-25,116.2
3191,2022-03-28,107.55
3192,2022-03-29,104.25
3193,2022-03-30,107.81
3194,2022-03-31,100.53
3195,2022-04-01,99.32
3196,2022-04-04,103.29
3197,2022-04-05,101.98
3198,2022-04-06,96.39
3199,2022-04-07,96.05
3200,2022-04-08,98.35
3201,2022-04-11,94.22
3202,2022-04-12,100.52
3203,2022-04-13,104.26
3204,2022-04-14,106.84
3205,2022-04-15,
3206,2022-04-18,108.24
3207,2022-04-19,102.54
3208,2022-04-20,102.56
3209,2022-04-21,103.89
3210,2022-04-22,102.86
3211,2022-04-25,99.6
3212,2022-04-26,102.62
3213,2022-04-27,101.96
3214,2022-04-28,105.47
3215,2022-04-29,104.59
3216,2022-05-02,105.18
3217,2022-05-03,102.53
3218,2022-05-04,107.84
3219,2022-05-05,108.17
3220,2022-05-06,109.72
3221,2022-05-09,103.08
3222,2022-05-10,99.74
3223,2022-05-11,105.5
3224,2022-05-12,106.15
3225,2022-05-13,110.52
3226,2022-05-16,114.07
3227,2022-05-17,112.31
3228,2022-05-18,109.67
3229,2022-05-19,112.21
3230,2022-05-20,112.63
3231,2022-05-23,110.32
3232,2022-05-24,112.55
3233,2022-05-25,112.88
3234,2022-05-26,116.19
3235,2022-05-27,114.96
3236,2022-05-30,
3237,2022-05-31,114.38
3238,2022-06-01,115.26
3239,2022-06-02,116.88
3240,2022-06-03,118.97
3241,2022-06-06,118.41
3242,2022-06-07,119.55
3243,2022-06-08,121.94
3244,2022-06-09,121.52
3245,2022-06-10,120.73
3246,2022-06-13,120.92
3247,2022-06-14,118.92
3248,2022-06-15,115.32
3249,2022-06-16,117.56
3250,2022-06-17,109.56
3251,2022-06-20,
3252,2022-06-21,110.49
3253,2022-06-22,106.22
3254,2022-06-23,105.75
3255,2022-06-24,109.07
3256,2022-06-27,111.44
3257,2022-06-28,113.66
3258,2022-06-29,111.65
3259,2022-06-30,107.76
3260,2022-07-01,110.3
3261,2022-07-04,
3262,2022-07-05,101.55
3263,2022-07-06,100.31
3264,2022-07-07,104.62
3265,2022-07-08,106.78
3266,2022-07-11,106.09
3267,2022-07-12,97.69
3268,2022-07-13,98.44
3269,2022-07-14,97.79
3270,2022-07-15,99.59
3271,2022-07-18,104.48
3272,2022-07-19,106.12
3273,2022-07-20,104.45
3274,2022-07-21,98.44
3275,2022-07-22,97.71
3276,2022-07-25,99.83
3277,2022-07-26,97.74
3278,2022-07-27,100.03
3279,2022-07-28,99.11
3280,2022-07-29,101.31
3281,2022-08-01,96.59
