,DATE,T5YIE
0,2010-01-01,
1,2010-01-04,2.13
2,2010-01-05,2.12
3,2010-01-06,2.16
4,2010-01-07,2.19
5,2010-01-08,2.18
6,2010-01-11,2.12
7,2010-01-12,2.15
8,2010-01-13,2.13
9,2010-01-14,2.12
10,2010-01-15,2.1
11,2010-01-18,
12,2010-01-19,2.09
13,2010-01-20,2.09
14,2010-01-21,1.98
15,2010-01-22,1.95
16,2010-01-25,1.97
17,2010-01-26,1.97
18,2010-01-27,1.96
19,2010-01-28,1.94
20,2010-01-29,1.91
21,2010-02-01,1.99
22,2010-02-02,2.02
23,2010-02-03,2.05
24,2010-02-04,1.99
25,2010-02-05,1.89
26,2010-02-08,1.91
27,2010-02-09,1.94
28,2010-02-10,1.97
29,2010-02-11,1.96
30,2010-02-12,1.96
31,2010-02-15,
32,2010-02-16,1.95
33,2010-02-17,2.01
34,2010-02-18,2.02
35,2010-02-19,1.97
36,2010-02-22,1.92
37,2010-02-23,1.9
38,2010-02-24,1.9
39,2010-02-25,1.83
40,2010-02-26,1.83
41,2010-03-01,1.83
42,2010-03-02,1.83
43,2010-03-03,1.84
44,2010-03-04,1.84
45,2010-03-05,1.89
46,2010-03-08,1.87
47,2010-03-09,1.88
48,2010-03-10,1.91
49,2010-03-11,1.89
50,2010-03-12,1.93
51,2010-03-15,1.93
52,2010-03-16,1.92
53,2010-03-17,1.96
54,2010-03-18,1.92
55,2010-03-19,1.86
56,2010-03-22,1.82
57,2010-03-23,1.8
58,2010-03-24,1.89
59,2010-03-25,1.87
60,2010-03-26,1.86
61,2010-03-29,1.85
62,2010-03-30,1.83
63,2010-03-31,1.83
64,2010-04-01,1.85
65,2010-04-02,1.86
66,2010-04-05,1.92
67,2010-04-06,2.03
68,2010-04-07,2.04
69,2010-04-08,1.95
70,2010-04-09,1.97
71,2010-04-12,1.95
72,2010-04-13,1.93
73,2010-04-14,1.95
74,2010-04-15,1.96
75,2010-04-16,1.9
76,2010-04-19,1.91
77,2010-04-20,1.96
78,2010-04-21,1.95
79,2010-04-22,1.95
80,2010-04-23,1.99
81,2010-04-26,2.0
82,2010-04-27,2.0
83,2010-04-28,2.0
84,2010-04-29,2.06
85,2010-04-30,2.01
86,2010-05-03,2.0
87,2010-05-04,1.94
88,2010-05-05,1.89
89,2010-05-06,1.79
90,2010-05-07,1.75
91,2010-05-10,1.85
92,2010-05-11,1.86
93,2010-05-12,1.92
94,2010-05-13,1.89
95,2010-05-14,1.83
96,2010-05-17,1.81
97,2010-05-18,1.77
98,2010-05-19,1.7
99,2010-05-20,1.58
100,2010-05-21,1.61
101,2010-05-24,1.62
102,2010-05-25,1.57
103,2010-05-26,1.62
104,2010-05-27,1.72
105,2010-05-28,1.69
106,2010-05-31,
107,2010-06-01,1.68
108,2010-06-02,1.71
109,2010-06-03,1.77
110,2010-06-04,1.66
111,2010-06-07,1.64
112,2010-06-08,1.62
113,2010-06-09,1.63
114,2010-06-10,1.68
115,2010-06-11,1.65
116,2010-06-14,1.69
117,2010-06-15,1.68
118,2010-06-16,1.67
119,2010-06-17,1.68
120,2010-06-18,1.69
121,2010-06-21,1.71
122,2010-06-22,1.68
123,2010-06-23,1.64
124,2010-06-24,1.6
125,2010-06-25,1.61
126,2010-06-28,1.57
127,2010-06-29,1.54
128,2010-06-30,1.54
129,2010-07-01,1.48
130,2010-07-02,1.48
131,2010-07-05,
132,2010-07-06,1.41
133,2010-07-07,1.4
134,2010-07-08,1.43
135,2010-07-09,1.47
136,2010-07-12,1.48
137,2010-07-13,1.51
138,2010-07-14,1.48
139,2010-07-15,1.43
140,2010-07-16,1.36
141,2010-07-19,1.34
142,2010-07-20,1.32
143,2010-07-21,1.34
144,2010-07-22,1.37
145,2010-07-23,1.39
146,2010-07-26,1.4
147,2010-07-27,1.44
148,2010-07-28,1.46
149,2010-07-29,1.45
150,2010-07-30,1.43
151,2010-08-02,1.5
152,2010-08-03,1.51
153,2010-08-04,1.5
154,2010-08-05,1.5
155,2010-08-06,1.46
156,2010-08-09,1.48
157,2010-08-10,1.48
158,2010-08-11,1.43
159,2010-08-12,1.35
160,2010-08-13,1.34
161,2010-08-16,1.29
162,2010-08-17,1.28
163,2010-08-18,1.28
164,2010-08-19,1.22
165,2010-08-20,1.24
166,2010-08-23,1.21
167,2010-08-24,1.19
168,2010-08-25,1.21
169,2010-08-26,1.24
170,2010-08-27,1.27
171,2010-08-30,1.23
172,2010-08-31,1.19
173,2010-09-01,1.21
174,2010-09-02,1.2
175,2010-09-03,1.25
176,2010-09-06,
177,2010-09-07,1.24
178,2010-09-08,1.23
179,2010-09-09,1.29
180,2010-09-10,1.34
181,2010-09-13,1.34
182,2010-09-14,1.28
183,2010-09-15,1.29
184,2010-09-16,1.29
185,2010-09-17,1.25
186,2010-09-20,1.24
187,2010-09-21,1.29
188,2010-09-22,1.32
189,2010-09-23,1.29
190,2010-09-24,1.31
191,2010-09-27,1.29
192,2010-09-28,1.31
193,2010-09-29,1.3
194,2010-09-30,1.3
195,2010-10-01,1.33
196,2010-10-04,1.33
197,2010-10-05,1.4
198,2010-10-06,1.45
199,2010-10-07,1.41
200,2010-10-08,1.48
201,2010-10-11,
202,2010-10-12,1.48
203,2010-10-13,1.57
204,2010-10-14,1.67
205,2010-10-15,1.58
206,2010-10-18,1.53
207,2010-10-19,1.51
208,2010-10-20,1.48
209,2010-10-21,1.52
210,2010-10-22,1.56
211,2010-10-25,1.62
212,2010-10-26,1.63
213,2010-10-27,1.59
214,2010-10-28,1.52
215,2010-10-29,1.48
216,2010-11-01,1.51
217,2010-11-02,1.49
218,2010-11-03,1.51
219,2010-11-04,1.52
220,2010-11-05,1.57
221,2010-11-08,1.58
222,2010-11-09,1.58
223,2010-11-10,1.6
224,2010-11-11,
225,2010-11-12,1.57
226,2010-11-15,1.57
227,2010-11-16,1.49
228,2010-11-17,1.53
229,2010-11-18,1.57
230,2010-11-19,1.59
231,2010-11-22,1.58
232,2010-11-23,1.54
233,2010-11-24,1.59
234,2010-11-25,
235,2010-11-26,1.6
236,2010-11-29,1.58
237,2010-11-30,1.54
238,2010-12-01,1.6
239,2010-12-02,1.64
240,2010-12-03,1.62
241,2010-12-06,1.6
242,2010-12-07,1.67
243,2010-12-08,1.68
244,2010-12-09,1.65
245,2010-12-10,1.65
246,2010-12-13,1.66
247,2010-12-14,1.69
248,2010-12-15,1.77
249,2010-12-16,1.78
250,2010-12-17,1.75
251,2010-12-20,1.75
252,2010-12-21,1.77
253,2010-12-22,1.81
254,2010-12-23,1.83
255,2010-12-24,
256,2010-12-27,1.83
257,2010-12-28,1.84
258,2010-12-29,1.81
259,2010-12-30,1.82
260,2010-12-31,1.83
261,2011-01-03,1.82
262,2011-01-04,1.86
263,2011-01-05,1.94
264,2011-01-06,1.96
265,2011-01-07,1.91
266,2011-01-10,1.91
267,2011-01-11,2.0
268,2011-01-12,2.0
269,2011-01-13,1.95
270,2011-01-14,1.93
271,2011-01-17,
272,2011-01-18,1.95
273,2011-01-19,1.94
274,2011-01-20,1.9
275,2011-01-21,1.92
276,2011-01-24,1.93
277,2011-01-25,1.94
278,2011-01-26,1.96
279,2011-01-27,1.9
280,2011-01-28,1.93
281,2011-01-31,1.96
282,2011-02-01,2.01
283,2011-02-02,2.01
284,2011-02-03,2.0
285,2011-02-04,1.99
286,2011-02-07,1.98
287,2011-02-08,1.95
288,2011-02-09,1.94
289,2011-02-10,1.92
290,2011-02-11,1.88
291,2011-02-14,1.86
292,2011-02-15,1.91
293,2011-02-16,1.94
294,2011-02-17,1.97
295,2011-02-18,2.04
296,2011-02-21,
297,2011-02-22,2.09
298,2011-02-23,2.2
299,2011-02-24,2.2
300,2011-02-25,2.17
301,2011-02-28,2.15
302,2011-03-01,2.17
303,2011-03-02,2.25
304,2011-03-03,2.27
305,2011-03-04,2.24
306,2011-03-07,2.26
307,2011-03-08,2.31
308,2011-03-09,2.25
309,2011-03-10,2.22
310,2011-03-11,2.17
311,2011-03-14,2.15
312,2011-03-15,2.16
313,2011-03-16,2.09
314,2011-03-17,2.18
315,2011-03-18,2.18
316,2011-03-21,2.2
317,2011-03-22,2.19
318,2011-03-23,2.16
319,2011-03-24,2.22
320,2011-03-25,2.19
321,2011-03-28,2.18
322,2011-03-29,2.2
323,2011-03-30,2.19
324,2011-03-31,2.21
325,2011-04-01,2.25
326,2011-04-04,2.29
327,2011-04-05,2.32
328,2011-04-06,2.34
329,2011-04-07,2.33
330,2011-04-08,2.38
331,2011-04-11,2.38
332,2011-04-12,2.32
333,2011-04-13,2.3
334,2011-04-14,2.25
335,2011-04-15,2.23
336,2011-04-18,2.19
337,2011-04-19,2.24
338,2011-04-20,2.27
339,2011-04-21,2.29
340,2011-04-22,
341,2011-04-25,2.3
342,2011-04-26,2.32
343,2011-04-27,2.37
344,2011-04-28,2.41
345,2011-04-29,2.45
346,2011-05-02,2.44
347,2011-05-03,2.42
348,2011-05-04,2.41
349,2011-05-05,2.28
350,2011-05-06,2.25
351,2011-05-09,2.29
352,2011-05-10,2.31
353,2011-05-11,2.2
354,2011-05-12,2.2
355,2011-05-13,2.15
356,2011-05-16,2.12
357,2011-05-17,2.08
358,2011-05-18,2.14
359,2011-05-19,2.1
360,2011-05-20,2.07
361,2011-05-23,2.03
362,2011-05-24,2.07
363,2011-05-25,2.08
364,2011-05-26,2.06
365,2011-05-27,2.03
366,2011-05-30,
367,2011-05-31,2.0
368,2011-06-01,1.99
369,2011-06-02,2.02
370,2011-06-03,2.03
371,2011-06-06,2.03
372,2011-06-07,2.04
373,2011-06-08,2.01
374,2011-06-09,2.03
375,2011-06-10,1.99
376,2011-06-13,1.99
377,2011-06-14,2.04
378,2011-06-15,1.99
379,2011-06-16,1.95
380,2011-06-17,1.9
381,2011-06-20,1.89
382,2011-06-21,1.91
383,2011-06-22,1.9
384,2011-06-23,1.81
385,2011-06-24,1.79
386,2011-06-27,1.8
387,2011-06-28,1.88
388,2011-06-29,2.0
389,2011-06-30,2.03
390,2011-07-01,2.05
391,2011-07-04,
392,2011-07-05,2.03
393,2011-07-06,2.03
394,2011-07-07,2.1
395,2011-07-08,2.01
396,2011-07-11,2.01
397,2011-07-12,2.01
398,2011-07-13,1.99
399,2011-07-14,1.98
400,2011-07-15,1.98
401,2011-07-18,2.0
402,2011-07-19,2.02
403,2011-07-20,2.01
404,2011-07-21,2.04
405,2011-07-22,2.03
406,2011-07-25,2.06
407,2011-07-26,2.01
408,2011-07-27,2.1
409,2011-07-28,2.11
410,2011-07-29,2.07
411,2011-08-01,2.07
412,2011-08-02,1.99
413,2011-08-03,1.87
414,2011-08-04,1.79
415,2011-08-05,1.82
416,2011-08-08,1.74
417,2011-08-09,1.75
418,2011-08-10,1.95
419,2011-08-11,1.86
420,2011-08-12,1.84
421,2011-08-15,1.8
422,2011-08-16,1.74
423,2011-08-17,1.73
424,2011-08-18,1.62
425,2011-08-19,1.7
426,2011-08-22,1.73
427,2011-08-23,1.66
428,2011-08-24,1.65
429,2011-08-25,1.68
430,2011-08-26,1.64
431,2011-08-29,1.67
432,2011-08-30,1.67
433,2011-08-31,1.72
434,2011-09-01,1.72
435,2011-09-02,1.72
436,2011-09-05,
437,2011-09-06,1.63
438,2011-09-07,1.67
439,2011-09-08,1.73
440,2011-09-09,1.65
441,2011-09-12,1.63
442,2011-09-13,1.61
443,2011-09-14,1.58
444,2011-09-15,1.73
445,2011-09-16,1.69
446,2011-09-19,1.61
447,2011-09-20,1.67
448,2011-09-21,1.66
449,2011-09-22,1.49
450,2011-09-23,1.48
451,2011-09-26,1.48
452,2011-09-27,1.57
453,2011-09-28,1.57
454,2011-09-29,1.54
455,2011-09-30,1.5
456,2011-10-03,1.48
457,2011-10-04,1.49
458,2011-10-05,1.5
459,2011-10-06,1.58
460,2011-10-07,1.63
461,2011-10-10,
462,2011-10-11,1.65
463,2011-10-12,1.67
464,2011-10-13,1.61
465,2011-10-14,1.66
466,2011-10-17,1.66
467,2011-10-18,1.72
468,2011-10-19,1.71
469,2011-10-20,1.72
470,2011-10-21,1.74
471,2011-10-24,1.76
472,2011-10-25,1.76
473,2011-10-26,1.83
474,2011-10-27,1.94
475,2011-10-28,1.93
476,2011-10-31,1.88
477,2011-11-01,1.82
478,2011-11-02,1.91
479,2011-11-03,1.91
480,2011-11-04,1.93
481,2011-11-07,1.94
482,2011-11-08,1.89
483,2011-11-09,1.87
484,2011-11-10,1.88
485,2011-11-11,
486,2011-11-14,1.84
487,2011-11-15,1.76
488,2011-11-16,1.68
489,2011-11-17,1.59
490,2011-11-18,1.64
491,2011-11-21,1.59
492,2011-11-22,1.6
493,2011-11-23,1.61
494,2011-11-24,
495,2011-11-25,1.64
496,2011-11-28,1.66
497,2011-11-29,1.7
498,2011-11-30,1.76
499,2011-12-01,1.76
500,2011-12-02,1.76
501,2011-12-05,1.77
502,2011-12-06,1.83
503,2011-12-07,1.71
504,2011-12-08,1.65
505,2011-12-09,1.64
506,2011-12-12,1.64
507,2011-12-13,1.65
508,2011-12-14,1.6
509,2011-12-15,1.61
510,2011-12-16,1.58
511,2011-12-19,1.64
512,2011-12-20,1.72
513,2011-12-21,1.7
514,2011-12-22,1.64
515,2011-12-23,1.68
516,2011-12-26,
517,2011-12-27,1.65
518,2011-12-28,1.63
519,2011-12-29,1.61
520,2011-12-30,1.59
521,2012-01-02,
522,2012-01-03,1.66
523,2012-01-04,1.71
524,2012-01-05,1.74
525,2012-01-06,1.71
526,2012-01-09,1.73
527,2012-01-10,1.7
528,2012-01-11,1.67
529,2012-01-12,1.69
530,2012-01-13,1.69
531,2012-01-16,
532,2012-01-17,1.7
533,2012-01-18,1.73
534,2012-01-19,1.75
535,2012-01-20,1.76
536,2012-01-23,1.77
537,2012-01-24,1.81
538,2012-01-25,1.83
539,2012-01-26,1.86
540,2012-01-27,1.88
541,2012-01-30,1.87
542,2012-01-31,1.88
543,2012-02-01,1.89
544,2012-02-02,1.89
545,2012-02-03,1.88
546,2012-02-06,1.91
547,2012-02-07,1.95
548,2012-02-08,1.91
549,2012-02-09,1.91
550,2012-02-10,1.88
551,2012-02-13,1.97
552,2012-02-14,1.92
553,2012-02-15,1.9
554,2012-02-16,1.93
555,2012-02-17,1.93
556,2012-02-20,
557,2012-02-21,1.98
558,2012-02-22,1.99
559,2012-02-23,2.04
560,2012-02-24,2.03
561,2012-02-27,2.02
562,2012-02-28,1.99
563,2012-02-29,1.99
564,2012-03-01,1.99
565,2012-03-02,1.95
566,2012-03-05,1.94
567,2012-03-06,1.92
568,2012-03-07,1.98
569,2012-03-08,2.01
570,2012-03-09,2.07
571,2012-03-12,2.06
572,2012-03-13,2.13
573,2012-03-14,2.15
574,2012-03-15,2.13
575,2012-03-16,2.12
576,2012-03-19,2.13
577,2012-03-20,2.15
578,2012-03-21,2.11
579,2012-03-22,2.06
580,2012-03-23,2.04
581,2012-03-26,2.02
582,2012-03-27,2.01
583,2012-03-28,2.03
584,2012-03-29,1.99
585,2012-03-30,2.02
586,2012-04-02,2.04
587,2012-04-03,2.04
588,2012-04-04,1.96
589,2012-04-05,1.95
590,2012-04-06,1.85
591,2012-04-09,1.84
592,2012-04-10,1.87
593,2012-04-11,1.95
594,2012-04-12,1.91
595,2012-04-13,1.91
596,2012-04-16,1.89
597,2012-04-17,1.91
598,2012-04-18,1.87
599,2012-04-19,1.91
600,2012-04-20,1.96
601,2012-04-23,1.95
602,2012-04-24,2.01
603,2012-04-25,2.02
604,2012-04-26,2.04
605,2012-04-27,2.06
606,2012-04-30,2.06
607,2012-05-01,2.06
608,2012-05-02,2.04
609,2012-05-03,2.01
610,2012-05-04,1.93
611,2012-05-07,1.94
612,2012-05-08,1.95
613,2012-05-09,1.94
614,2012-05-10,1.96
615,2012-05-11,1.91
616,2012-05-14,1.91
617,2012-05-15,1.92
618,2012-05-16,1.89
619,2012-05-17,1.87
620,2012-05-18,1.85
621,2012-05-21,1.86
622,2012-05-22,1.87
623,2012-05-23,1.8
624,2012-05-24,1.79
625,2012-05-25,1.78
626,2012-05-28,
627,2012-05-29,1.76
628,2012-05-30,1.71
629,2012-05-31,1.72
630,2012-06-01,1.65
631,2012-06-04,1.69
632,2012-06-05,1.71
633,2012-06-06,1.73
634,2012-06-07,1.77
635,2012-06-08,1.79
636,2012-06-11,1.79
637,2012-06-12,1.81
638,2012-06-13,1.8
639,2012-06-14,1.79
640,2012-06-15,1.86
641,2012-06-18,1.85
642,2012-06-19,1.87
643,2012-06-20,1.88
644,2012-06-21,1.77
645,2012-06-22,1.74
646,2012-06-25,1.7
647,2012-06-26,1.7
648,2012-06-27,1.68
649,2012-06-28,1.64
650,2012-06-29,1.72
651,2012-07-02,1.71
652,2012-07-03,1.77
653,2012-07-04,
654,2012-07-05,1.8
655,2012-07-06,1.76
656,2012-07-09,1.77
657,2012-07-10,1.79
658,2012-07-11,1.79
659,2012-07-12,1.76
660,2012-07-13,1.78
661,2012-07-16,1.78
662,2012-07-17,1.78
663,2012-07-18,1.79
664,2012-07-19,1.82
665,2012-07-20,1.77
666,2012-07-23,1.75
667,2012-07-24,1.7
668,2012-07-25,1.68
669,2012-07-26,1.71
670,2012-07-27,1.79
671,2012-07-30,1.78
672,2012-07-31,1.83
673,2012-08-01,1.85
674,2012-08-02,1.83
675,2012-08-03,1.87
676,2012-08-06,1.89
677,2012-08-07,1.95
678,2012-08-08,1.92
679,2012-08-09,1.92
680,2012-08-10,1.9
681,2012-08-13,1.9
682,2012-08-14,1.91
683,2012-08-15,1.89
684,2012-08-16,1.9
685,2012-08-17,1.86
686,2012-08-20,1.84
687,2012-08-21,1.86
688,2012-08-22,1.88
689,2012-08-23,1.96
690,2012-08-24,1.94
691,2012-08-27,1.97
692,2012-08-28,1.98
693,2012-08-29,1.95
694,2012-08-30,1.92
695,2012-08-31,1.95
696,2012-09-03,
697,2012-09-04,1.97
698,2012-09-05,1.98
699,2012-09-06,2.01
700,2012-09-07,2.03
701,2012-09-10,2.08
702,2012-09-11,2.11
703,2012-09-12,2.12
704,2012-09-13,2.23
705,2012-09-14,2.39
706,2012-09-17,2.31
707,2012-09-18,2.23
708,2012-09-19,2.19
709,2012-09-20,2.21
710,2012-09-21,2.18
711,2012-09-24,2.15
712,2012-09-25,2.15
713,2012-09-26,2.09
714,2012-09-27,2.11
715,2012-09-28,2.11
716,2012-10-01,2.11
717,2012-10-02,2.12
718,2012-10-03,2.18
719,2012-10-04,2.25
720,2012-10-05,2.28
721,2012-10-08,
722,2012-10-09,2.27
723,2012-10-10,2.23
724,2012-10-11,2.19
725,2012-10-12,2.15
726,2012-10-15,2.19
727,2012-10-16,2.18
728,2012-10-17,2.22
729,2012-10-18,2.22
730,2012-10-19,2.19
731,2012-10-22,2.18
732,2012-10-23,2.15
733,2012-10-24,2.13
734,2012-10-25,2.13
735,2012-10-26,2.08
736,2012-10-29,2.09
737,2012-10-30,
738,2012-10-31,2.12
739,2012-11-01,2.13
740,2012-11-02,2.12
741,2012-11-05,2.07
742,2012-11-06,2.12
743,2012-11-07,2.08
744,2012-11-08,2.07
745,2012-11-09,2.05
746,2012-11-12,
747,2012-11-13,2.04
748,2012-11-14,2.02
749,2012-11-15,2.0
750,2012-11-16,2.01
751,2012-11-19,2.03
752,2012-11-20,2.05
753,2012-11-21,2.05
754,2012-11-22,
755,2012-11-23,2.06
756,2012-11-26,2.04
757,2012-11-27,2.02
758,2012-11-28,1.99
759,2012-11-29,2.0
760,2012-11-30,2.01
761,2012-12-03,2.04
762,2012-12-04,2.04
763,2012-12-05,2.06
764,2012-12-06,2.06
765,2012-12-07,2.1
766,2012-12-10,2.05
767,2012-12-11,2.07
768,2012-12-12,2.12
769,2012-12-13,2.12
770,2012-12-14,2.11
771,2012-12-17,2.11
772,2012-12-18,2.14
773,2012-12-19,2.13
774,2012-12-20,2.16
775,2012-12-21,2.1
776,2012-12-24,2.13
777,2012-12-25,
778,2012-12-26,2.11
779,2012-12-27,2.11
780,2012-12-28,2.06
781,2012-12-31,2.09
782,2013-01-01,
783,2013-01-02,2.12
784,2013-01-03,2.11
785,2013-01-04,2.13
786,2013-01-07,2.16
787,2013-01-08,2.15
788,2013-01-09,2.18
789,2013-01-10,2.2
790,2013-01-11,2.18
791,2013-01-14,2.12
792,2013-01-15,2.2
793,2013-01-16,2.18
794,2013-01-17,2.19
795,2013-01-18,2.2
796,2013-01-21,
797,2013-01-22,2.15
798,2013-01-23,2.21
799,2013-01-24,2.22
800,2013-01-25,2.21
801,2013-01-28,2.24
802,2013-01-29,2.27
803,2013-01-30,2.26
804,2013-01-31,2.33
805,2013-02-01,2.34
806,2013-02-04,2.32
807,2013-02-05,2.32
808,2013-02-06,2.32
809,2013-02-07,2.29
810,2013-02-08,2.21
811,2013-02-11,2.26
812,2013-02-12,2.2
813,2013-02-13,2.26
814,2013-02-14,2.22
815,2013-02-15,2.19
816,2013-02-18,
817,2013-02-19,2.2
818,2013-02-20,2.19
819,2013-02-21,2.19
820,2013-02-22,2.2
821,2013-02-25,2.19
822,2013-02-26,2.18
823,2013-02-27,2.18
824,2013-02-28,2.18
825,2013-03-01,2.2
826,2013-03-04,2.22
827,2013-03-05,2.26
828,2013-03-06,2.27
829,2013-03-07,2.22
830,2013-03-08,2.18
831,2013-03-11,2.28
832,2013-03-12,2.27
833,2013-03-13,2.29
834,2013-03-14,2.31
835,2013-03-15,2.3
836,2013-03-18,2.26
837,2013-03-19,2.25
838,2013-03-20,2.25
839,2013-03-21,2.22
840,2013-03-22,2.23
841,2013-03-25,2.24
842,2013-03-26,2.21
843,2013-03-27,2.22
844,2013-03-28,2.24
845,2013-03-29,
846,2013-04-01,2.23
847,2013-04-02,2.22
848,2013-04-03,2.18
849,2013-04-04,2.13
850,2013-04-05,2.1
851,2013-04-08,2.14
852,2013-04-09,2.06
853,2013-04-10,2.1
854,2013-04-11,2.12
855,2013-04-12,2.11
856,2013-04-15,2.02
857,2013-04-16,2.02
858,2013-04-17,1.98
859,2013-04-18,2.0
860,2013-04-19,2.04
861,2013-04-22,2.04
862,2013-04-23,2.04
863,2013-04-24,2.07
864,2013-04-25,2.12
865,2013-04-26,2.11
866,2013-04-29,2.1
867,2013-04-30,2.06
868,2013-05-01,1.98
869,2013-05-02,1.99
870,2013-05-03,2.03
871,2013-05-06,2.05
872,2013-05-07,2.05
873,2013-05-08,2.03
874,2013-05-09,2.02
875,2013-05-10,2.05
876,2013-05-13,2.02
877,2013-05-14,2.03
878,2013-05-15,2.01
879,2013-05-16,1.97
880,2013-05-17,1.98
881,2013-05-20,2.0
882,2013-05-21,1.99
883,2013-05-22,1.97
884,2013-05-23,1.93
885,2013-05-24,1.93
886,2013-05-27,
887,2013-05-28,1.96
888,2013-05-29,1.91
889,2013-05-30,1.83
890,2013-05-31,1.87
891,2013-06-03,1.89
892,2013-06-04,1.92
893,2013-06-05,1.88
894,2013-06-06,1.87
895,2013-06-07,1.89
896,2013-06-10,1.85
897,2013-06-11,1.83
898,2013-06-12,1.81
899,2013-06-13,1.8
900,2013-06-14,1.82
901,2013-06-17,1.8
902,2013-06-18,1.84
903,2013-06-19,1.83
904,2013-06-20,1.74
905,2013-06-21,1.66
906,2013-06-24,1.62
907,2013-06-25,1.65
908,2013-06-26,1.67
909,2013-06-27,1.73
910,2013-06-28,1.76
911,2013-07-01,1.8
912,2013-07-02,1.82
913,2013-07-03,1.83
914,2013-07-04,
915,2013-07-05,1.87
916,2013-07-08,1.87
917,2013-07-09,1.86
918,2013-07-10,1.87
919,2013-07-11,1.82
920,2013-07-12,1.84
921,2013-07-15,1.86
922,2013-07-16,1.89
923,2013-07-17,1.9
924,2013-07-18,1.89
925,2013-07-19,1.91
926,2013-07-22,1.91
927,2013-07-23,1.9
928,2013-07-24,1.87
929,2013-07-25,1.83
930,2013-07-26,1.83
931,2013-07-29,1.81
932,2013-07-30,1.82
933,2013-07-31,1.87
934,2013-08-01,1.94
935,2013-08-02,1.91
936,2013-08-05,1.92
937,2013-08-06,1.94
938,2013-08-07,1.93
939,2013-08-08,1.9
940,2013-08-09,1.91
941,2013-08-12,1.91
942,2013-08-13,1.92
943,2013-08-14,1.86
944,2013-08-15,1.83
945,2013-08-16,1.79
946,2013-08-19,1.76
947,2013-08-20,1.78
948,2013-08-21,1.77
949,2013-08-22,1.77
950,2013-08-23,1.82
951,2013-08-26,1.82
952,2013-08-27,1.86
953,2013-08-28,1.85
954,2013-08-29,1.8
955,2013-08-30,1.78
956,2013-09-02,
957,2013-09-03,1.76
958,2013-09-04,1.74
959,2013-09-05,1.71
960,2013-09-06,1.71
961,2013-09-09,1.69
962,2013-09-10,1.74
963,2013-09-11,1.76
964,2013-09-12,1.75
965,2013-09-13,1.75
966,2013-09-16,1.76
967,2013-09-17,1.79
968,2013-09-18,1.84
969,2013-09-19,1.83
970,2013-09-20,1.85
971,2013-09-23,1.84
972,2013-09-24,1.77
973,2013-09-25,1.79
974,2013-09-26,1.77
975,2013-09-27,1.76
976,2013-09-30,1.74
977,2013-10-01,1.77
978,2013-10-02,1.8
979,2013-10-03,1.77
980,2013-10-04,1.79
981,2013-10-07,1.79
982,2013-10-08,1.76
983,2013-10-09,1.78
984,2013-10-10,1.81
985,2013-10-11,1.79
986,2013-10-14,
987,2013-10-15,1.79
988,2013-10-16,1.79
989,2013-10-17,1.77
990,2013-10-18,1.78
991,2013-10-21,1.79
992,2013-10-22,1.76
993,2013-10-23,1.76
994,2013-10-24,1.77
995,2013-10-25,1.77
996,2013-10-28,1.79
997,2013-10-29,1.76
998,2013-10-30,1.77
999,2013-10-31,1.74
1000,2013-11-01,1.7
1001,2013-11-04,1.71
1002,2013-11-05,1.72
1003,2013-11-06,1.77
1004,2013-11-07,1.76
1005,2013-11-08,1.77
1006,2013-11-11,
1007,2013-11-12,1.79
1008,2013-11-13,1.79
1009,2013-11-14,1.8
1010,2013-11-15,1.8
1011,2013-11-18,1.8
1012,2013-11-19,1.77
1013,2013-11-20,1.75
1014,2013-11-21,1.76
1015,2013-11-22,1.76
1016,2013-11-25,1.75
1017,2013-11-26,1.71
1018,2013-11-27,1.71
1019,2013-11-28,
1020,2013-11-29,1.69
1021,2013-12-02,1.7
1022,2013-12-03,1.69
1023,2013-12-04,1.64
1024,2013-12-05,1.66
1025,2013-12-06,1.65
1026,2013-12-09,1.63
1027,2013-12-10,1.64
1028,2013-12-11,1.65
1029,2013-12-12,1.65
1030,2013-12-13,1.66
1031,2013-12-16,1.68
1032,2013-12-17,1.69
1033,2013-12-18,1.67
1034,2013-12-19,1.75
1035,2013-12-20,1.64
1036,2013-12-23,1.67
1037,2013-12-24,1.68
1038,2013-12-25,
1039,2013-12-26,1.7
1040,2013-12-27,1.68
1041,2013-12-30,1.64
1042,2013-12-31,1.69
1043,2014-01-01,
1044,2014-01-02,1.71
1045,2014-01-03,1.69
1046,2014-01-06,1.75
1047,2014-01-07,1.83
1048,2014-01-08,1.76
1049,2014-01-09,1.83
1050,2014-01-10,1.75
1051,2014-01-13,1.71
1052,2014-01-14,1.76
1053,2014-01-15,1.72
1054,2014-01-16,1.74
1055,2014-01-17,1.72
1056,2014-01-20,
1057,2014-01-21,1.71
1058,2014-01-22,1.79
1059,2014-01-23,1.72
1060,2014-01-24,1.68
1061,2014-01-27,1.72
1062,2014-01-28,1.71
1063,2014-01-29,1.72
1064,2014-01-30,1.76
1065,2014-01-31,1.72
1066,2014-02-03,1.7
1067,2014-02-04,1.77
1068,2014-02-05,1.78
1069,2014-02-06,1.82
1070,2014-02-07,1.77
1071,2014-02-10,1.79
1072,2014-02-11,1.8
1073,2014-02-12,1.83
1074,2014-02-13,1.77
1075,2014-02-14,1.67
1076,2014-02-17,
1077,2014-02-18,1.79
1078,2014-02-19,1.78
1079,2014-02-20,1.78
1080,2014-02-21,1.74
1081,2014-02-24,1.78
1082,2014-02-25,1.78
1083,2014-02-26,1.76
1084,2014-02-27,1.81
1085,2014-02-28,1.79
1086,2014-03-03,1.78
1087,2014-03-04,1.79
1088,2014-03-05,1.8
1089,2014-03-06,1.84
1090,2014-03-07,1.83
1091,2014-03-10,1.88
1092,2014-03-11,1.86
1093,2014-03-12,1.82
1094,2014-03-13,1.75
1095,2014-03-14,1.74
1096,2014-03-17,1.8
1097,2014-03-18,1.77
1098,2014-03-19,1.73
1099,2014-03-20,1.75
1100,2014-03-21,1.79
1101,2014-03-24,1.79
1102,2014-03-25,1.7
1103,2014-03-26,1.75
1104,2014-03-27,1.73
1105,2014-03-28,1.72
1106,2014-03-31,1.7
1107,2014-04-01,1.71
1108,2014-04-02,1.72
1109,2014-04-03,1.68
1110,2014-04-04,1.71
1111,2014-04-07,1.61
1112,2014-04-08,1.71
1113,2014-04-09,1.7
1114,2014-04-10,1.69
1115,2014-04-11,1.64
1116,2014-04-14,1.71
1117,2014-04-15,1.68
1118,2014-04-16,1.73
1119,2014-04-17,1.95
1120,2014-04-18,
1121,2014-04-21,1.97
1122,2014-04-22,1.98
1123,2014-04-23,1.98
1124,2014-04-24,1.99
1125,2014-04-25,1.96
1126,2014-04-28,1.95
1127,2014-04-29,1.95
1128,2014-04-30,1.96
1129,2014-05-01,1.96
1130,2014-05-02,1.95
1131,2014-05-05,1.92
1132,2014-05-06,1.91
1133,2014-05-07,1.92
1134,2014-05-08,1.93
1135,2014-05-09,1.92
1136,2014-05-12,1.91
1137,2014-05-13,1.89
1138,2014-05-14,1.92
1139,2014-05-15,1.96
1140,2014-05-16,1.94
1141,2014-05-19,1.93
1142,2014-05-20,1.92
1143,2014-05-21,1.95
1144,2014-05-22,1.97
1145,2014-05-23,1.97
1146,2014-05-26,
1147,2014-05-27,1.95
1148,2014-05-28,1.94
1149,2014-05-29,1.96
1150,2014-05-30,1.93
1151,2014-06-02,1.93
1152,2014-06-03,1.92
1153,2014-06-04,1.9
1154,2014-06-05,1.92
1155,2014-06-06,1.93
1156,2014-06-09,1.95
1157,2014-06-10,1.94
1158,2014-06-11,1.94
1159,2014-06-12,1.95
1160,2014-06-13,1.93
1161,2014-06-16,1.92
1162,2014-06-17,1.97
1163,2014-06-18,1.98
1164,2014-06-19,2.02
1165,2014-06-20,2.02
1166,2014-06-23,2.03
1167,2014-06-24,2.05
1168,2014-06-25,2.03
1169,2014-06-26,2.02
1170,2014-06-27,2.03
1171,2014-06-30,2.0
1172,2014-07-01,2.0
1173,2014-07-02,2.01
1174,2014-07-03,2.03
1175,2014-07-04,
1176,2014-07-07,2.01
1177,2014-07-08,1.99
1178,2014-07-09,1.98
1179,2014-07-10,2.0
1180,2014-07-11,1.99
1181,2014-07-14,1.99
1182,2014-07-15,1.96
1183,2014-07-16,1.95
1184,2014-07-17,1.97
1185,2014-07-18,1.96
1186,2014-07-21,1.97
1187,2014-07-22,1.93
1188,2014-07-23,1.92
1189,2014-07-24,1.93
1190,2014-07-25,1.95
1191,2014-07-28,1.95
1192,2014-07-29,1.94
1193,2014-07-30,1.96
1194,2014-07-31,1.97
1195,2014-08-01,1.92
1196,2014-08-04,1.9
1197,2014-08-05,1.9
1198,2014-08-06,1.9
1199,2014-08-07,1.89
1200,2014-08-08,1.86
1201,2014-08-11,1.86
1202,2014-08-12,1.87
1203,2014-08-13,1.88
1204,2014-08-14,1.84
1205,2014-08-15,1.83
1206,2014-08-18,1.85
1207,2014-08-19,1.81
1208,2014-08-20,1.83
1209,2014-08-21,1.8
1210,2014-08-22,1.79
1211,2014-08-25,1.78
1212,2014-08-26,1.83
1213,2014-08-27,1.8
1214,2014-08-28,1.77
1215,2014-08-29,1.76
1216,2014-09-01,
1217,2014-09-02,1.76
1218,2014-09-03,1.77
1219,2014-09-04,1.76
1220,2014-09-05,1.77
1221,2014-09-08,1.74
1222,2014-09-09,1.71
1223,2014-09-10,1.69
1224,2014-09-11,1.76
1225,2014-09-12,1.75
1226,2014-09-15,1.73
1227,2014-09-16,1.75
1228,2014-09-17,1.63
1229,2014-09-18,1.56
1230,2014-09-19,1.56
1231,2014-09-22,1.6
1232,2014-09-23,1.63
1233,2014-09-24,1.66
1234,2014-09-25,1.62
1235,2014-09-26,1.59
1236,2014-09-29,1.61
1237,2014-09-30,1.56
1238,2014-10-01,1.6
1239,2014-10-02,1.57
1240,2014-10-03,1.56
1241,2014-10-06,1.55
1242,2014-10-07,1.52
1243,2014-10-08,1.54
1244,2014-10-09,1.52
1245,2014-10-10,1.52
1246,2014-10-13,
1247,2014-10-14,1.41
1248,2014-10-15,1.37
1249,2014-10-16,1.37
1250,2014-10-17,1.43
1251,2014-10-20,1.45
1252,2014-10-21,1.42
1253,2014-10-22,1.47
1254,2014-10-23,1.43
1255,2014-10-24,1.46
1256,2014-10-27,1.44
1257,2014-10-28,1.47
1258,2014-10-29,1.47
1259,2014-10-30,1.49
1260,2014-10-31,1.53
1261,2014-11-03,1.55
1262,2014-11-04,1.49
1263,2014-11-05,1.54
1264,2014-11-06,1.58
1265,2014-11-07,1.59
1266,2014-11-10,1.58
1267,2014-11-11,
1268,2014-11-12,1.53
1269,2014-11-13,1.48
1270,2014-11-14,1.45
1271,2014-11-17,1.42
1272,2014-11-18,1.42
1273,2014-11-19,1.39
1274,2014-11-20,1.41
1275,2014-11-21,1.44
1276,2014-11-24,1.43
1277,2014-11-25,1.47
1278,2014-11-26,1.44
1279,2014-11-27,
1280,2014-11-28,1.39
1281,2014-12-01,1.39
1282,2014-12-02,1.36
1283,2014-12-03,1.38
1284,2014-12-04,1.36
1285,2014-12-05,1.35
1286,2014-12-08,1.24
1287,2014-12-09,1.34
1288,2014-12-10,1.27
1289,2014-12-11,1.27
1290,2014-12-12,1.2
1291,2014-12-15,1.17
1292,2014-12-16,1.21
1293,2014-12-17,1.22
1294,2014-12-18,1.2
1295,2014-12-19,1.27
1296,2014-12-22,1.29
1297,2014-12-23,1.3
1298,2014-12-24,1.26
1299,2014-12-25,
1300,2014-12-26,1.26
1301,2014-12-29,1.22
1302,2014-12-30,1.21
1303,2014-12-31,1.27
1304,2015-01-01,
1305,2015-01-02,1.3
1306,2015-01-05,1.25
1307,2015-01-06,1.16
1308,2015-01-07,1.16
1309,2015-01-08,1.21
1310,2015-01-09,1.2
1311,2015-01-12,1.16
1312,2015-01-13,1.05
1313,2015-01-14,1.18
1314,2015-01-15,1.18
1315,2015-01-16,1.19
1316,2015-01-19,
1317,2015-01-20,1.19
1318,2015-01-21,1.17
1319,2015-01-22,1.19
1320,2015-01-23,1.21
1321,2015-01-26,1.24
1322,2015-01-27,1.29
1323,2015-01-28,1.24
1324,2015-01-29,1.31
1325,2015-01-30,1.29
1326,2015-02-02,1.32
1327,2015-02-03,1.4
1328,2015-02-04,1.35
1329,2015-02-05,1.38
1330,2015-02-06,1.36
1331,2015-02-09,1.36
1332,2015-02-10,1.32
1333,2015-02-11,1.32
1334,2015-02-12,1.37
1335,2015-02-13,1.32
1336,2015-02-16,
1337,2015-02-17,1.33
1338,2015-02-18,1.32
1339,2015-02-19,1.35
1340,2015-02-20,1.37
1341,2015-02-23,1.34
1342,2015-02-24,1.33
1343,2015-02-25,1.36
1344,2015-02-26,1.49
1345,2015-02-27,1.49
1346,2015-03-02,1.54
1347,2015-03-03,1.57
1348,2015-03-04,1.61
1349,2015-03-05,1.53
1350,2015-03-06,1.55
1351,2015-03-09,1.47
1352,2015-03-10,1.36
1353,2015-03-11,1.45
1354,2015-03-12,1.41
1355,2015-03-13,1.4
1356,2015-03-16,1.27
1357,2015-03-17,1.34
1358,2015-03-18,1.33
1359,2015-03-19,1.49
1360,2015-03-20,1.5
1361,2015-03-23,1.48
1362,2015-03-24,1.53
1363,2015-03-25,1.56
1364,2015-03-26,1.57
1365,2015-03-27,1.54
1366,2015-03-30,1.49
1367,2015-03-31,1.51
1368,2015-04-01,1.58
1369,2015-04-02,1.56
1370,2015-04-03,1.58
1371,2015-04-06,1.6
1372,2015-04-07,1.6
1373,2015-04-08,1.58
1374,2015-04-09,1.59
1375,2015-04-10,1.56
1376,2015-04-13,1.55
1377,2015-04-14,1.55
1378,2015-04-15,1.59
1379,2015-04-16,1.58
1380,2015-04-17,1.65
1381,2015-04-20,1.6
1382,2015-04-21,1.59
1383,2015-04-22,1.6
1384,2015-04-23,1.7
1385,2015-04-24,1.71
1386,2015-04-27,1.71
1387,2015-04-28,1.69
1388,2015-04-29,1.7
1389,2015-04-30,1.72
1390,2015-05-01,1.72
1391,2015-05-04,1.69
1392,2015-05-05,1.72
1393,2015-05-06,1.69
1394,2015-05-07,1.66
1395,2015-05-08,1.66
1396,2015-05-11,1.64
1397,2015-05-12,1.65
1398,2015-05-13,1.67
1399,2015-05-14,1.65
1400,2015-05-15,1.62
1401,2015-05-18,1.64
1402,2015-05-19,1.62
1403,2015-05-20,1.65
1404,2015-05-21,1.63
1405,2015-05-22,1.65
1406,2015-05-25,
1407,2015-05-26,1.59
1408,2015-05-27,1.54
1409,2015-05-28,1.53
1410,2015-05-29,1.57
1411,2015-06-01,1.55
1412,2015-06-02,1.59
1413,2015-06-03,1.59
1414,2015-06-04,1.59
1415,2015-06-05,1.64
1416,2015-06-08,1.63
1417,2015-06-09,1.65
1418,2015-06-10,1.66
1419,2015-06-11,1.63
1420,2015-06-12,1.64
1421,2015-06-15,1.64
1422,2015-06-16,1.67
1423,2015-06-17,1.69
1424,2015-06-18,1.67
1425,2015-06-19,1.63
1426,2015-06-22,1.65
1427,2015-06-23,1.67
1428,2015-06-24,1.64
1429,2015-06-25,1.63
1430,2015-06-26,1.66
1431,2015-06-29,1.59
1432,2015-06-30,1.61
1433,2015-07-01,1.6
1434,2015-07-02,1.62
1435,2015-07-03,
1436,2015-07-06,1.57
1437,2015-07-07,1.57
1438,2015-07-08,1.54
1439,2015-07-09,1.56
1440,2015-07-10,1.58
1441,2015-07-13,1.56
1442,2015-07-14,1.55
1443,2015-07-15,1.53
1444,2015-07-16,1.52
1445,2015-07-17,1.5
1446,2015-07-20,1.49
1447,2015-07-21,1.49
1448,2015-07-22,1.48
1449,2015-07-23,1.45
1450,2015-07-24,1.4
1451,2015-07-27,1.35
1452,2015-07-28,1.38
1453,2015-07-29,1.4
1454,2015-07-30,1.4
1455,2015-07-31,1.36
1456,2015-08-03,1.31
1457,2015-08-04,1.31
1458,2015-08-05,1.31
1459,2015-08-06,1.31
1460,2015-08-07,1.28
1461,2015-08-10,1.3
1462,2015-08-11,1.27
1463,2015-08-12,1.27
1464,2015-08-13,1.24
1465,2015-08-14,1.25
1466,2015-08-17,1.22
1467,2015-08-18,1.21
1468,2015-08-19,1.17
1469,2015-08-20,1.17
1470,2015-08-21,1.13
1471,2015-08-24,1.11
1472,2015-08-25,1.15
1473,2015-08-26,1.13
1474,2015-08-27,1.2
1475,2015-08-28,1.22
1476,2015-08-31,1.26
1477,2015-09-01,1.18
1478,2015-09-02,1.19
1479,2015-09-03,1.16
1480,2015-09-04,1.14
1481,2015-09-07,
1482,2015-09-08,1.15
1483,2015-09-09,1.15
1484,2015-09-10,1.21
1485,2015-09-11,1.21
1486,2015-09-14,1.19
1487,2015-09-15,1.2
1488,2015-09-16,1.21
1489,2015-09-17,1.24
1490,2015-09-18,1.19
1491,2015-09-21,1.19
1492,2015-09-22,1.15
1493,2015-09-23,1.16
1494,2015-09-24,1.11
1495,2015-09-25,1.11
1496,2015-09-28,1.02
1497,2015-09-29,1.03
1498,2015-09-30,1.07
1499,2015-10-01,1.13
1500,2015-10-02,1.15
1501,2015-10-05,1.18
1502,2015-10-06,1.22
1503,2015-10-07,1.22
1504,2015-10-08,1.26
1505,2015-10-09,1.22
1506,2015-10-12,
1507,2015-10-13,1.18
1508,2015-10-14,1.15
1509,2015-10-15,1.18
1510,2015-10-16,1.18
1511,2015-10-19,1.13
1512,2015-10-20,1.16
1513,2015-10-21,1.13
1514,2015-10-22,1.14
1515,2015-10-23,1.19
1516,2015-10-26,1.16
1517,2015-10-27,1.15
1518,2015-10-28,1.14
1519,2015-10-29,1.19
1520,2015-10-30,1.2
1521,2015-11-02,1.23
1522,2015-11-03,1.27
1523,2015-11-04,1.26
1524,2015-11-05,1.23
1525,2015-11-06,1.25
1526,2015-11-09,1.28
1527,2015-11-10,1.25
1528,2015-11-11,
1529,2015-11-12,1.24
1530,2015-11-13,1.21
1531,2015-11-16,1.2
1532,2015-11-17,1.23
1533,2015-11-18,1.25
1534,2015-11-19,1.27
1535,2015-11-20,1.31
1536,2015-11-23,1.33
1537,2015-11-24,1.33
1538,2015-11-25,1.31
1539,2015-11-26,
1540,2015-11-27,1.31
1541,2015-11-30,1.3
1542,2015-12-01,1.29
1543,2015-12-02,1.27
1544,2015-12-03,1.33
1545,2015-12-04,1.3
1546,2015-12-07,1.25
1547,2015-12-08,1.25
1548,2015-12-09,1.21
1549,2015-12-10,1.2
1550,2015-12-11,1.17
1551,2015-12-14,1.17
1552,2015-12-15,1.22
1553,2015-12-16,1.2
1554,2015-12-17,1.21
1555,2015-12-18,1.21
1556,2015-12-21,1.19
1557,2015-12-22,1.19
1558,2015-12-23,1.25
1559,2015-12-24,1.23
1560,2015-12-25,
1561,2015-12-28,1.24
1562,2015-12-29,1.28
1563,2015-12-30,1.28
1564,2015-12-31,1.31
1565,2016-01-01,
1566,2016-01-04,1.31
1567,2016-01-05,1.31
1568,2016-01-06,1.26
1569,2016-01-07,1.25
1570,2016-01-08,1.23
1571,2016-01-11,1.19
1572,2016-01-12,1.19
1573,2016-01-13,1.18
1574,2016-01-14,1.2
1575,2016-01-15,1.12
1576,2016-01-18,
1577,2016-01-19,1.16
1578,2016-01-20,1.1
1579,2016-01-21,1.08
1580,2016-01-22,1.15
1581,2016-01-25,1.15
1582,2016-01-26,1.17
1583,2016-01-27,1.18
1584,2016-01-28,1.2
1585,2016-01-29,1.19
1586,2016-02-01,1.2
1587,2016-02-02,1.14
1588,2016-02-03,1.16
1589,2016-02-04,1.13
1590,2016-02-05,1.07
1591,2016-02-08,0.97
1592,2016-02-09,0.93
1593,2016-02-10,0.95
1594,2016-02-11,0.94
1595,2016-02-12,1.03
1596,2016-02-15,
1597,2016-02-16,1.03
1598,2016-02-17,1.04
1599,2016-02-18,1.02
1600,2016-02-19,1.06
1601,2016-02-22,1.11
1602,2016-02-23,1.13
1603,2016-02-24,1.15
1604,2016-02-25,1.18
1605,2016-02-26,1.2
1606,2016-02-29,1.23
1607,2016-03-01,1.29
1608,2016-03-02,1.34
1609,2016-03-03,1.36
1610,2016-03-04,1.36
1611,2016-03-07,1.36
1612,2016-03-08,1.33
1613,2016-03-09,1.37
1614,2016-03-10,1.35
1615,2016-03-11,1.41
1616,2016-03-14,1.38
1617,2016-03-15,1.35
1618,2016-03-16,1.45
1619,2016-03-17,1.46
1620,2016-03-18,1.47
1621,2016-03-21,1.5
1622,2016-03-22,1.48
1623,2016-03-23,1.44
1624,2016-03-24,1.42
1625,2016-03-25,
1626,2016-03-28,1.4
1627,2016-03-29,1.47
1628,2016-03-30,1.52
1629,2016-03-31,1.49
1630,2016-04-01,1.49
1631,2016-04-04,1.48
1632,2016-04-05,1.43
1633,2016-04-06,1.43
1634,2016-04-07,1.41
1635,2016-04-08,1.43
1636,2016-04-11,1.41
1637,2016-04-12,1.39
1638,2016-04-13,1.43
1639,2016-04-14,1.42
1640,2016-04-15,1.42
1641,2016-04-18,1.41
1642,2016-04-19,1.46
1643,2016-04-20,1.49
1644,2016-04-21,1.56
1645,2016-04-22,1.56
1646,2016-04-25,1.56
1647,2016-04-26,1.56
1648,2016-04-27,1.57
1649,2016-04-28,1.61
1650,2016-04-29,1.6
1651,2016-05-02,1.58
1652,2016-05-03,1.54
1653,2016-05-04,1.52
1654,2016-05-05,1.52
1655,2016-05-06,1.51
1656,2016-05-09,1.5
1657,2016-05-10,1.53
1658,2016-05-11,1.53
1659,2016-05-12,1.53
1660,2016-05-13,1.52
1661,2016-05-16,1.53
1662,2016-05-17,1.56
1663,2016-05-18,1.54
1664,2016-05-19,1.51
1665,2016-05-20,1.51
1666,2016-05-23,1.49
1667,2016-05-24,1.51
1668,2016-05-25,1.51
1669,2016-05-26,1.51
1670,2016-05-27,1.51
1671,2016-05-30,
1672,2016-05-31,1.47
1673,2016-06-01,1.47
1674,2016-06-02,1.48
1675,2016-06-03,1.45
1676,2016-06-06,1.49
1677,2016-06-07,1.51
1678,2016-06-08,1.54
1679,2016-06-09,1.53
1680,2016-06-10,1.49
1681,2016-06-13,1.45
1682,2016-06-14,1.45
1683,2016-06-15,1.47
1684,2016-06-16,1.42
1685,2016-06-17,1.43
1686,2016-06-20,1.43
1687,2016-06-21,1.41
1688,2016-06-22,1.41
1689,2016-06-23,1.47
1690,2016-06-24,1.36
1691,2016-06-27,1.27
1692,2016-06-28,1.32
1693,2016-06-29,1.36
1694,2016-06-30,1.38
1695,2016-07-01,1.43
1696,2016-07-04,
1697,2016-07-05,1.39
1698,2016-07-06,1.41
1699,2016-07-07,1.41
1700,2016-07-08,1.39
1701,2016-07-11,1.41
1702,2016-07-12,1.46
1703,2016-07-13,1.43
1704,2016-07-14,1.44
1705,2016-07-15,1.44
1706,2016-07-18,1.41
1707,2016-07-19,1.39
1708,2016-07-20,1.4
1709,2016-07-21,1.38
1710,2016-07-22,1.36
1711,2016-07-25,1.34
1712,2016-07-26,1.33
1713,2016-07-27,1.31
1714,2016-07-28,1.33
1715,2016-07-29,1.31
1716,2016-08-01,1.27
1717,2016-08-02,1.25
1718,2016-08-03,1.28
1719,2016-08-04,1.3
1720,2016-08-05,1.33
1721,2016-08-08,1.34
1722,2016-08-09,1.3
1723,2016-08-10,1.27
1724,2016-08-11,1.32
1725,2016-08-12,1.29
1726,2016-08-15,1.3
1727,2016-08-16,1.28
1728,2016-08-17,1.31
1729,2016-08-18,1.32
1730,2016-08-19,1.34
1731,2016-08-22,1.34
1732,2016-08-23,1.34
1733,2016-08-24,1.32
1734,2016-08-25,1.33
1735,2016-08-26,1.31
1736,2016-08-29,1.29
1737,2016-08-30,1.28
1738,2016-08-31,1.27
1739,2016-09-01,1.24
1740,2016-09-02,1.28
1741,2016-09-05,
1742,2016-09-06,1.29
1743,2016-09-07,1.3
1744,2016-09-08,1.34
1745,2016-09-09,1.32
1746,2016-09-12,1.33
1747,2016-09-13,1.31
1748,2016-09-14,1.3
1749,2016-09-15,1.31
1750,2016-09-16,1.34
1751,2016-09-19,1.35
1752,2016-09-20,1.33
1753,2016-09-21,1.37
1754,2016-09-22,1.4
1755,2016-09-23,1.42
1756,2016-09-26,1.4
1757,2016-09-27,1.38
1758,2016-09-28,1.44
1759,2016-09-29,1.44
1760,2016-09-30,1.45
1761,2016-10-03,1.47
1762,2016-10-04,1.45
1763,2016-10-05,1.48
1764,2016-10-06,1.49
1765,2016-10-07,1.5
1766,2016-10-10,
1767,2016-10-11,1.51
1768,2016-10-12,1.51
1769,2016-10-13,1.5
1770,2016-10-14,1.53
1771,2016-10-17,1.55
1772,2016-10-18,1.54
1773,2016-10-19,1.56
1774,2016-10-20,1.56
1775,2016-10-21,1.56
1776,2016-10-24,1.53
1777,2016-10-25,1.57
1778,2016-10-26,1.58
1779,2016-10-27,1.57
1780,2016-10-28,1.6
1781,2016-10-31,1.59
1782,2016-11-01,1.59
1783,2016-11-02,1.55
1784,2016-11-03,1.52
1785,2016-11-04,1.52
1786,2016-11-07,1.56
1787,2016-11-08,1.57
1788,2016-11-09,1.67
1789,2016-11-10,1.7
1790,2016-11-11,
1791,2016-11-14,1.65
1792,2016-11-15,1.67
1793,2016-11-16,1.66
1794,2016-11-17,1.71
1795,2016-11-18,1.74
1796,2016-11-21,1.74
1797,2016-11-22,1.75
1798,2016-11-23,1.74
1799,2016-11-24,
1800,2016-11-25,1.74
1801,2016-11-28,1.69
1802,2016-11-29,1.69
1803,2016-11-30,1.77
1804,2016-12-01,1.81
1805,2016-12-02,1.76
1806,2016-12-05,1.79
1807,2016-12-06,1.8
1808,2016-12-07,1.78
1809,2016-12-08,1.83
1810,2016-12-09,1.83
1811,2016-12-12,1.86
1812,2016-12-13,1.86
1813,2016-12-14,1.82
1814,2016-12-15,1.78
1815,2016-12-16,1.75
1816,2016-12-19,1.74
1817,2016-12-20,1.8
1818,2016-12-21,1.74
1819,2016-12-22,1.86
1820,2016-12-23,1.84
1821,2016-12-26,
1822,2016-12-27,1.88
1823,2016-12-28,1.85
1824,2016-12-29,1.81
1825,2016-12-30,1.84
1826,2017-01-02,
1827,2017-01-03,1.86
1828,2017-01-04,1.86
1829,2017-01-05,1.83
1830,2017-01-06,1.84
1831,2017-01-09,1.85
1832,2017-01-10,1.84
1833,2017-01-11,1.85
1834,2017-01-12,1.87
1835,2017-01-13,1.85
1836,2017-01-16,
1837,2017-01-17,1.84
1838,2017-01-18,1.86
1839,2017-01-19,1.9
1840,2017-01-20,1.92
1841,2017-01-23,1.86
1842,2017-01-24,1.93
1843,2017-01-25,1.96
1844,2017-01-26,1.94
1845,2017-01-27,1.96
1846,2017-01-30,1.95
1847,2017-01-31,1.94
1848,2017-02-01,1.92
1849,2017-02-02,1.93
1850,2017-02-03,1.91
1851,2017-02-06,1.91
1852,2017-02-07,1.87
1853,2017-02-08,1.82
1854,2017-02-09,1.86
1855,2017-02-10,1.87
1856,2017-02-13,1.87
1857,2017-02-14,1.87
1858,2017-02-15,1.93
1859,2017-02-16,1.9
1860,2017-02-17,1.85
1861,2017-02-20,
1862,2017-02-21,1.87
1863,2017-02-22,1.92
1864,2017-02-23,1.9
1865,2017-02-24,1.9
1866,2017-02-27,1.86
1867,2017-02-28,1.89
1868,2017-03-01,1.84
1869,2017-03-02,1.84
1870,2017-03-03,1.92
1871,2017-03-06,1.9
1872,2017-03-07,1.92
1873,2017-03-08,1.9
1874,2017-03-09,1.89
1875,2017-03-10,1.9
1876,2017-03-13,1.86
1877,2017-03-14,1.88
1878,2017-03-15,1.84
1879,2017-03-16,1.87
1880,2017-03-17,1.89
1881,2017-03-20,1.86
1882,2017-03-21,1.8
1883,2017-03-22,1.79
1884,2017-03-23,1.75
1885,2017-03-24,1.73
1886,2017-03-27,1.75
1887,2017-03-28,1.73
1888,2017-03-29,1.8
1889,2017-03-30,1.81
1890,2017-03-31,1.77
1891,2017-04-03,1.73
1892,2017-04-04,1.77
1893,2017-04-05,1.77
1894,2017-04-06,1.71
1895,2017-04-07,1.7
1896,2017-04-10,1.69
1897,2017-04-11,1.7
1898,2017-04-12,1.69
1899,2017-04-13,1.74
1900,2017-04-14,
1901,2017-04-17,1.69
1902,2017-04-18,1.65
1903,2017-04-19,1.66
1904,2017-04-20,1.82
1905,2017-04-21,1.79
1906,2017-04-24,1.81
1907,2017-04-25,1.85
1908,2017-04-26,1.83
1909,2017-04-27,1.81
1910,2017-04-28,1.81
1911,2017-05-01,1.8
1912,2017-05-02,1.77
1913,2017-05-03,1.76
1914,2017-05-04,1.72
1915,2017-05-05,1.75
1916,2017-05-08,1.75
1917,2017-05-09,1.74
1918,2017-05-10,1.78
1919,2017-05-11,1.82
1920,2017-05-12,1.75
1921,2017-05-15,1.74
1922,2017-05-16,1.74
1923,2017-05-17,1.7
1924,2017-05-18,1.72
1925,2017-05-19,1.75
1926,2017-05-22,1.75
1927,2017-05-23,1.77
1928,2017-05-24,1.73
1929,2017-05-25,1.7
1930,2017-05-26,1.73
1931,2017-05-29,
1932,2017-05-30,1.73
1933,2017-05-31,1.72
1934,2017-06-01,1.73
1935,2017-06-02,1.72
1936,2017-06-05,1.72
1937,2017-06-06,1.71
1938,2017-06-07,1.69
1939,2017-06-08,1.69
1940,2017-06-09,1.68
1941,2017-06-12,1.67
1942,2017-06-13,1.67
1943,2017-06-14,1.59
1944,2017-06-15,1.56
1945,2017-06-16,1.56
1946,2017-06-19,1.56
1947,2017-06-20,1.54
1948,2017-06-21,1.54
1949,2017-06-22,1.57
1950,2017-06-23,1.59
1951,2017-06-26,1.61
1952,2017-06-27,1.62
1953,2017-06-28,1.65
1954,2017-06-29,1.62
1955,2017-06-30,1.63
1956,2017-07-03,1.66
1957,2017-07-04,
1958,2017-07-05,1.65
1959,2017-07-06,1.66
1960,2017-07-07,1.63
1961,2017-07-10,1.6
1962,2017-07-11,1.61
1963,2017-07-12,1.63
1964,2017-07-13,1.64
1965,2017-07-14,1.62
1966,2017-07-17,1.64
1967,2017-07-18,1.62
1968,2017-07-19,1.65
1969,2017-07-20,1.62
1970,2017-07-21,1.62
1971,2017-07-24,1.62
1972,2017-07-25,1.67
1973,2017-07-26,1.66
1974,2017-07-27,1.68
1975,2017-07-28,1.68
1976,2017-07-31,1.67
1977,2017-08-01,1.62
1978,2017-08-02,1.63
1979,2017-08-03,1.62
1980,2017-08-04,1.65
1981,2017-08-07,1.65
1982,2017-08-08,1.69
1983,2017-08-09,1.7
1984,2017-08-10,1.68
1985,2017-08-11,1.64
1986,2017-08-14,1.59
1987,2017-08-15,1.63
1988,2017-08-16,1.62
1989,2017-08-17,1.61
1990,2017-08-18,1.61
1991,2017-08-21,1.59
1992,2017-08-22,1.61
1993,2017-08-23,1.58
1994,2017-08-24,1.6
1995,2017-08-25,1.57
1996,2017-08-28,1.56
1997,2017-08-29,1.54
1998,2017-08-30,1.57
1999,2017-08-31,1.58
2000,2017-09-01,1.63
2001,2017-09-04,
2002,2017-09-05,1.58
2003,2017-09-06,1.6
2004,2017-09-07,1.61
2005,2017-09-08,1.63
2006,2017-09-11,1.63
2007,2017-09-12,1.67
2008,2017-09-13,1.68
2009,2017-09-14,1.7
2010,2017-09-15,1.72
2011,2017-09-18,1.74
2012,2017-09-19,1.74
2013,2017-09-20,1.71
2014,2017-09-21,1.7
2015,2017-09-22,1.71
2016,2017-09-25,1.72
2017,2017-09-26,1.72
2018,2017-09-27,1.74
2019,2017-09-28,1.73
2020,2017-09-29,1.68
2021,2017-10-02,1.73
2022,2017-10-03,1.68
2023,2017-10-04,1.73
2024,2017-10-05,1.74
2025,2017-10-06,1.78
2026,2017-10-09,
2027,2017-10-10,1.75
2028,2017-10-11,1.75
2029,2017-10-12,1.79
2030,2017-10-13,1.71
2031,2017-10-16,1.66
2032,2017-10-17,1.69
2033,2017-10-18,1.69
2034,2017-10-19,1.66
2035,2017-10-20,1.76
2036,2017-10-23,1.69
2037,2017-10-24,1.73
2038,2017-10-25,1.74
2039,2017-10-26,1.76
2040,2017-10-27,1.76
2041,2017-10-30,1.77
2042,2017-10-31,1.79
2043,2017-11-01,1.71
2044,2017-11-02,1.79
2045,2017-11-03,1.74
2046,2017-11-06,1.77
2047,2017-11-07,1.8
2048,2017-11-08,1.77
2049,2017-11-09,1.8
2050,2017-11-10,1.78
2051,2017-11-13,1.79
2052,2017-11-14,1.79
2053,2017-11-15,1.78
2054,2017-11-16,1.79
2055,2017-11-17,1.75
2056,2017-11-20,1.74
2057,2017-11-21,1.75
2058,2017-11-22,1.75
2059,2017-11-23,
2060,2017-11-24,1.71
2061,2017-11-27,1.69
2062,2017-11-28,1.69
2063,2017-11-29,1.69
2064,2017-11-30,1.73
2065,2017-12-01,1.72
2066,2017-12-04,1.76
2067,2017-12-05,1.69
2068,2017-12-06,1.74
2069,2017-12-07,1.74
2070,2017-12-08,1.71
2071,2017-12-11,1.76
2072,2017-12-12,1.78
2073,2017-12-13,1.74
2074,2017-12-14,1.76
2075,2017-12-15,1.77
2076,2017-12-18,1.71
2077,2017-12-19,1.74
2078,2017-12-20,1.74
2079,2017-12-21,1.84
2080,2017-12-22,1.82
2081,2017-12-25,
2082,2017-12-26,1.76
2083,2017-12-27,1.82
2084,2017-12-28,1.86
2085,2017-12-29,1.86
2086,2018-01-01,
2087,2018-01-02,1.9
2088,2018-01-03,1.87
2089,2018-01-04,1.92
2090,2018-01-05,1.95
2091,2018-01-08,1.91
2092,2018-01-09,1.95
2093,2018-01-10,1.94
2094,2018-01-11,1.89
2095,2018-01-12,1.92
2096,2018-01-15,
2097,2018-01-16,1.94
2098,2018-01-17,1.9
2099,2018-01-18,1.99
2100,2018-01-19,2.0
2101,2018-01-22,2.0
2102,2018-01-23,1.92
2103,2018-01-24,1.96
2104,2018-01-25,1.91
2105,2018-01-26,1.93
2106,2018-01-29,1.92
2107,2018-01-30,1.97
2108,2018-01-31,1.98
2109,2018-02-01,1.93
2110,2018-02-02,1.93
2111,2018-02-05,1.95
2112,2018-02-06,1.88
2113,2018-02-07,1.9
2114,2018-02-08,1.89
2115,2018-02-09,1.83
2116,2018-02-12,1.84
2117,2018-02-13,1.88
2118,2018-02-14,1.91
2119,2018-02-15,2.0
2120,2018-02-16,2.0
2121,2018-02-19,
2122,2018-02-20,2.04
2123,2018-02-21,2.06
2124,2018-02-22,2.06
2125,2018-02-23,2.04
2126,2018-02-26,2.07
2127,2018-02-27,2.09
2128,2018-02-28,2.04
2129,2018-03-01,2.03
2130,2018-03-02,2.03
2131,2018-03-05,2.05
2132,2018-03-06,2.1
2133,2018-03-07,2.1
2134,2018-03-08,2.08
2135,2018-03-09,1.96
2136,2018-03-12,2.02
2137,2018-03-13,2.05
2138,2018-03-14,2.04
2139,2018-03-15,2.07
2140,2018-03-16,2.05
2141,2018-03-19,2.04
2142,2018-03-20,2.05
2143,2018-03-21,1.96
2144,2018-03-22,2.03
2145,2018-03-23,2.01
2146,2018-03-26,2.01
2147,2018-03-27,1.94
2148,2018-03-28,1.91
2149,2018-03-29,1.92
2150,2018-03-30,
2151,2018-04-02,1.99
2152,2018-04-03,1.99
2153,2018-04-04,2.04
2154,2018-04-05,1.93
2155,2018-04-06,2.01
2156,2018-04-09,2.02
2157,2018-04-10,2.0
2158,2018-04-11,2.06
2159,2018-04-12,2.05
2160,2018-04-13,2.01
2161,2018-04-16,2.08
2162,2018-04-17,2.01
2163,2018-04-18,2.04
2164,2018-04-19,2.12
2165,2018-04-20,2.1
2166,2018-04-23,2.11
2167,2018-04-24,2.1
2168,2018-04-25,2.09
2169,2018-04-26,2.1
2170,2018-04-27,2.09
2171,2018-04-30,2.1
2172,2018-05-01,2.09
2173,2018-05-02,2.09
2174,2018-05-03,2.09
2175,2018-05-04,2.09
2176,2018-05-07,2.11
2177,2018-05-08,2.1
2178,2018-05-09,2.13
2179,2018-05-10,2.12
2180,2018-05-11,2.13
2181,2018-05-14,2.12
2182,2018-05-15,2.15
2183,2018-05-16,2.16
2184,2018-05-17,2.16
2185,2018-05-18,2.14
2186,2018-05-21,2.15
2187,2018-05-22,2.13
2188,2018-05-23,2.12
2189,2018-05-24,2.11
2190,2018-05-25,2.04
2191,2018-05-28,
2192,2018-05-29,1.98
2193,2018-05-30,2.0
2194,2018-05-31,2.03
2195,2018-06-01,2.06
2196,2018-06-04,2.06
2197,2018-06-05,2.05
2198,2018-06-06,2.06
2199,2018-06-07,2.08
2200,2018-06-08,2.06
2201,2018-06-11,2.08
2202,2018-06-12,2.07
2203,2018-06-13,2.09
2204,2018-06-14,2.07
2205,2018-06-15,2.08
2206,2018-06-18,2.08
2207,2018-06-19,2.07
2208,2018-06-20,2.06
2209,2018-06-21,2.05
2210,2018-06-22,2.07
2211,2018-06-25,2.06
2212,2018-06-26,2.07
2213,2018-06-27,2.07
2214,2018-06-28,2.07
2215,2018-06-29,2.06
2216,2018-07-02,2.07
2217,2018-07-03,2.08
2218,2018-07-04,
2219,2018-07-05,2.1
2220,2018-07-06,2.08
2221,2018-07-09,2.1
2222,2018-07-10,2.09
2223,2018-07-11,2.07
2224,2018-07-12,2.06
2225,2018-07-13,2.07
2226,2018-07-16,2.05
2227,2018-07-17,2.03
2228,2018-07-18,2.03
2229,2018-07-19,2.01
2230,2018-07-20,2.02
2231,2018-07-23,2.01
2232,2018-07-24,2.0
2233,2018-07-25,2.01
2234,2018-07-26,2.0
2235,2018-07-27,2.0
2236,2018-07-30,2.01
2237,2018-07-31,2.0
2238,2018-08-01,2.0
2239,2018-08-02,1.99
2240,2018-08-03,2.0
2241,2018-08-06,1.98
2242,2018-08-07,2.0
2243,2018-08-08,1.98
2244,2018-08-09,1.97
2245,2018-08-10,1.98
2246,2018-08-13,1.99
2247,2018-08-14,1.99
2248,2018-08-15,1.97
2249,2018-08-16,1.97
2250,2018-08-17,1.96
2251,2018-08-20,1.95
2252,2018-08-21,1.97
2253,2018-08-22,1.96
2254,2018-08-23,1.99
2255,2018-08-24,1.99
2256,2018-08-27,2.0
2257,2018-08-28,1.99
2258,2018-08-29,2.0
2259,2018-08-30,1.99
2260,2018-08-31,1.98
2261,2018-09-03,
2262,2018-09-04,1.99
2263,2018-09-05,1.98
2264,2018-09-06,1.97
2265,2018-09-07,1.98
2266,2018-09-10,1.98
2267,2018-09-11,2.01
2268,2018-09-12,2.02
2269,2018-09-13,1.98
2270,2018-09-14,2.0
2271,2018-09-17,1.99
2272,2018-09-18,2.01
2273,2018-09-19,2.02
2274,2018-09-20,2.02
2275,2018-09-21,2.02
2276,2018-09-24,2.03
2277,2018-09-25,2.05
2278,2018-09-26,2.04
2279,2018-09-27,2.04
2280,2018-09-28,2.03
2281,2018-10-01,2.04
2282,2018-10-02,2.03
2283,2018-10-03,2.07
2284,2018-10-04,2.06
2285,2018-10-05,2.05
2286,2018-10-08,
2287,2018-10-09,2.05
2288,2018-10-10,2.04
2289,2018-10-11,1.99
2290,2018-10-12,1.99
2291,2018-10-15,2.0
2292,2018-10-16,2.01
2293,2018-10-17,2.0
2294,2018-10-18,1.99
2295,2018-10-19,1.98
2296,2018-10-22,1.98
2297,2018-10-23,1.94
2298,2018-10-24,1.93
2299,2018-10-25,1.91
2300,2018-10-26,1.93
2301,2018-10-29,1.92
2302,2018-10-30,1.91
2303,2018-10-31,1.9
2304,2018-11-01,1.88
2305,2018-11-02,1.91
2306,2018-11-05,1.91
2307,2018-11-06,1.92
2308,2018-11-07,1.93
2309,2018-11-08,1.92
2310,2018-11-09,1.9
2311,2018-11-12,
2312,2018-11-13,1.88
2313,2018-11-14,1.85
2314,2018-11-15,1.85
2315,2018-11-16,1.88
2316,2018-11-19,1.85
2317,2018-11-20,1.82
2318,2018-11-21,1.81
2319,2018-11-22,
2320,2018-11-23,1.77
2321,2018-11-26,1.78
2322,2018-11-27,1.73
2323,2018-11-28,1.74
2324,2018-11-29,1.79
2325,2018-11-30,1.77
2326,2018-12-03,1.76
2327,2018-12-04,1.74
2328,2018-12-05,
2329,2018-12-06,1.69
2330,2018-12-07,1.68
2331,2018-12-10,1.65
2332,2018-12-11,1.62
2333,2018-12-12,1.62
2334,2018-12-13,1.62
2335,2018-12-14,1.6
2336,2018-12-17,1.58
2337,2018-12-18,1.58
2338,2018-12-19,1.56
2339,2018-12-20,1.53
2340,2018-12-21,1.55
2341,2018-12-24,1.52
2342,2018-12-25,
2343,2018-12-26,1.57
2344,2018-12-27,1.53
2345,2018-12-28,1.52
2346,2018-12-31,1.51
2347,2019-01-01,
2348,2019-01-02,1.49
2349,2019-01-03,1.49
2350,2019-01-04,1.58
2351,2019-01-07,1.61
2352,2019-01-08,1.66
2353,2019-01-09,1.68
2354,2019-01-10,1.65
2355,2019-01-11,1.66
2356,2019-01-14,1.64
2357,2019-01-15,1.63
2358,2019-01-16,1.64
2359,2019-01-17,1.64
2360,2019-01-18,1.67
2361,2019-01-21,
2362,2019-01-22,1.63
2363,2019-01-23,1.64
2364,2019-01-24,1.62
2365,2019-01-25,1.64
2366,2019-01-28,1.62
2367,2019-01-29,1.62
2368,2019-01-30,1.68
2369,2019-01-31,1.7
2370,2019-02-01,1.72
2371,2019-02-04,1.72
2372,2019-02-05,1.72
2373,2019-02-06,1.71
2374,2019-02-07,1.69
2375,2019-02-08,1.69
2376,2019-02-11,1.69
2377,2019-02-12,1.71
2378,2019-02-13,1.76
2379,2019-02-14,1.74
2380,2019-02-15,1.75
2381,2019-02-18,
2382,2019-02-19,1.76
2383,2019-02-20,1.79
2384,2019-02-21,1.8
2385,2019-02-22,1.82
2386,2019-02-25,1.82
2387,2019-02-26,1.82
2388,2019-02-27,1.84
2389,2019-02-28,1.84
2390,2019-03-01,1.85
2391,2019-03-04,1.84
2392,2019-03-05,1.83
2393,2019-03-06,1.81
2394,2019-03-07,1.8
2395,2019-03-08,1.8
2396,2019-03-11,1.82
2397,2019-03-12,1.81
2398,2019-03-13,1.84
2399,2019-03-14,1.85
2400,2019-03-15,1.86
2401,2019-03-18,1.88
2402,2019-03-19,1.85
2403,2019-03-20,1.88
2404,2019-03-21,1.86
2405,2019-03-22,1.8
2406,2019-03-25,1.77
2407,2019-03-26,1.75
2408,2019-03-27,1.74
2409,2019-03-28,1.72
2410,2019-03-29,1.78
2411,2019-04-01,1.82
2412,2019-04-02,1.81
2413,2019-04-03,1.81
2414,2019-04-04,1.81
2415,2019-04-05,1.79
2416,2019-04-08,1.81
2417,2019-04-09,1.8
2418,2019-04-10,1.83
2419,2019-04-11,1.82
2420,2019-04-12,1.86
2421,2019-04-15,1.85
2422,2019-04-16,1.86
2423,2019-04-17,1.84
2424,2019-04-18,1.86
2425,2019-04-19,
2426,2019-04-22,1.87
2427,2019-04-23,1.87
2428,2019-04-24,1.87
2429,2019-04-25,1.86
2430,2019-04-26,1.86
2431,2019-04-29,1.86
2432,2019-04-30,1.85
2433,2019-05-01,1.83
2434,2019-05-02,1.78
2435,2019-05-03,1.8
2436,2019-05-06,1.81
2437,2019-05-07,1.76
2438,2019-05-08,1.75
2439,2019-05-09,1.73
2440,2019-05-10,1.75
2441,2019-05-13,1.73
2442,2019-05-14,1.75
2443,2019-05-15,1.74
2444,2019-05-16,1.75
2445,2019-05-17,1.71
2446,2019-05-20,1.71
2447,2019-05-21,1.72
2448,2019-05-22,1.68
2449,2019-05-23,1.62
2450,2019-05-24,1.62
2451,2019-05-27,
2452,2019-05-28,1.58
2453,2019-05-29,1.59
2454,2019-05-30,1.59
2455,2019-05-31,1.58
2456,2019-06-03,1.56
2457,2019-06-04,1.59
2458,2019-06-05,1.59
2459,2019-06-06,1.58
2460,2019-06-07,1.61
2461,2019-06-10,1.6
2462,2019-06-11,1.57
2463,2019-06-12,1.53
2464,2019-06-13,1.51
2465,2019-06-14,1.48
2466,2019-06-17,1.45
2467,2019-06-18,1.49
2468,2019-06-19,1.53
2469,2019-06-20,1.58
2470,2019-06-21,1.6
2471,2019-06-24,1.57
2472,2019-06-25,1.52
2473,2019-06-26,1.56
2474,2019-06-27,1.53
2475,2019-06-28,1.53
2476,2019-07-01,1.53
2477,2019-07-02,1.5
2478,2019-07-03,1.51
2479,2019-07-04,
2480,2019-07-05,1.55
2481,2019-07-08,1.55
2482,2019-07-09,1.56
2483,2019-07-10,1.59
2484,2019-07-11,1.63
2485,2019-07-12,1.62
2486,2019-07-15,1.61
2487,2019-07-16,1.63
2488,2019-07-17,1.6
2489,2019-07-18,1.6
2490,2019-07-19,1.6
2491,2019-07-22,1.59
2492,2019-07-23,1.61
2493,2019-07-24,1.59
2494,2019-07-25,1.6
2495,2019-07-26,1.57
2496,2019-07-29,1.57
2497,2019-07-30,1.58
2498,2019-07-31,1.56
2499,2019-08-01,1.47
2500,2019-08-02,1.45
2501,2019-08-05,1.39
2502,2019-08-06,1.4
2503,2019-08-07,1.38
2504,2019-08-08,1.43
2505,2019-08-09,1.44
2506,2019-08-12,1.39
2507,2019-08-13,1.44
2508,2019-08-14,1.36
2509,2019-08-15,1.34
2510,2019-08-16,1.34
2511,2019-08-19,1.36
2512,2019-08-20,1.34
2513,2019-08-21,1.34
2514,2019-08-22,1.35
2515,2019-08-23,1.35
2516,2019-08-26,1.34
2517,2019-08-27,1.36
2518,2019-08-28,1.36
2519,2019-08-29,1.39
2520,2019-08-30,1.35
2521,2019-09-02,
2522,2019-09-03,1.29
2523,2019-09-04,1.31
2524,2019-09-05,1.35
2525,2019-09-06,1.35
2526,2019-09-09,1.38
2527,2019-09-10,1.4
2528,2019-09-11,1.4
2529,2019-09-12,1.43
2530,2019-09-13,1.46
2531,2019-09-16,1.48
2532,2019-09-17,1.46
2533,2019-09-18,1.4
2534,2019-09-19,1.41
2535,2019-09-20,1.42
2536,2019-09-23,1.42
2537,2019-09-24,1.39
2538,2019-09-25,1.41
2539,2019-09-26,1.4
2540,2019-09-27,1.36
2541,2019-09-30,1.35
2542,2019-10-01,1.33
2543,2019-10-02,1.29
2544,2019-10-03,1.25
2545,2019-10-04,1.27
2546,2019-10-07,1.27
2547,2019-10-08,1.25
2548,2019-10-09,1.24
2549,2019-10-10,1.29
2550,2019-10-11,1.34
2551,2019-10-14,
2552,2019-10-15,1.33
2553,2019-10-16,1.35
2554,2019-10-17,1.52
2555,2019-10-18,1.52
2556,2019-10-21,1.53
2557,2019-10-22,1.53
2558,2019-10-23,1.52
2559,2019-10-24,1.52
2560,2019-10-25,1.55
2561,2019-10-28,1.53
2562,2019-10-29,1.51
2563,2019-10-30,1.47
2564,2019-10-31,1.44
2565,2019-11-01,1.5
2566,2019-11-04,1.56
2567,2019-11-05,1.58
2568,2019-11-06,1.57
2569,2019-11-07,1.61
2570,2019-11-08,1.63
2571,2019-11-11,
2572,2019-11-12,1.6
2573,2019-11-13,1.58
2574,2019-11-14,1.54
2575,2019-11-15,1.52
2576,2019-11-18,1.54
2577,2019-11-19,1.53
2578,2019-11-20,1.51
2579,2019-11-21,1.53
2580,2019-11-22,1.53
2581,2019-11-25,1.53
2582,2019-11-26,1.52
2583,2019-11-27,1.54
2584,2019-11-28,
2585,2019-11-29,1.5
2586,2019-12-02,1.54
2587,2019-12-03,1.51
2588,2019-12-04,1.54
2589,2019-12-05,1.55
2590,2019-12-06,1.59
2591,2019-12-09,1.59
2592,2019-12-10,1.59
2593,2019-12-11,1.6
2594,2019-12-12,1.62
2595,2019-12-13,1.62
2596,2019-12-16,1.64
2597,2019-12-17,1.65
2598,2019-12-18,1.68
2599,2019-12-19,1.68
2600,2019-12-20,1.67
2601,2019-12-23,1.67
2602,2019-12-24,1.67
2603,2019-12-25,
2604,2019-12-26,1.66
2605,2019-12-27,1.64
2606,2019-12-30,1.66
2607,2019-12-31,1.68
2608,2020-01-01,
2609,2020-01-02,1.72
2610,2020-01-03,1.69
2611,2020-01-06,1.69
2612,2020-01-07,1.67
2613,2020-01-08,1.68
2614,2020-01-09,1.67
2615,2020-01-10,1.67
2616,2020-01-13,1.7
2617,2020-01-14,1.7
2618,2020-01-15,1.67
2619,2020-01-16,1.68
2620,2020-01-17,1.68
2621,2020-01-20,
2622,2020-01-21,1.66
2623,2020-01-22,1.64
2624,2020-01-23,1.64
2625,2020-01-24,1.62
2626,2020-01-27,1.56
2627,2020-01-28,1.59
2628,2020-01-29,1.58
2629,2020-01-30,1.59
2630,2020-01-31,1.6
2631,2020-02-03,1.56
2632,2020-02-04,1.58
2633,2020-02-05,1.61
2634,2020-02-06,1.61
2635,2020-02-07,1.61
2636,2020-02-10,1.62
2637,2020-02-11,1.6
2638,2020-02-12,1.64
2639,2020-02-13,1.65
2640,2020-02-14,1.64
2641,2020-02-17,
2642,2020-02-18,1.64
2643,2020-02-19,1.65
2644,2020-02-20,1.63
2645,2020-02-21,1.6
2646,2020-02-24,1.57
2647,2020-02-25,1.52
2648,2020-02-26,1.5
2649,2020-02-27,1.48
2650,2020-02-28,1.33
2651,2020-03-02,1.32
2652,2020-03-03,1.34
2653,2020-03-04,1.34
2654,2020-03-05,1.28
2655,2020-03-06,1.14
2656,2020-03-09,0.8
2657,2020-03-10,0.77
2658,2020-03-11,0.69
2659,2020-03-12,0.63
2660,2020-03-13,0.53
2661,2020-03-16,0.3
2662,2020-03-17,0.16
2663,2020-03-18,0.16
2664,2020-03-19,0.14
2665,2020-03-20,0.31
2666,2020-03-23,0.37
2667,2020-03-24,0.55
2668,2020-03-25,0.69
2669,2020-03-26,0.72
2670,2020-03-27,0.54
2671,2020-03-30,0.57
2672,2020-03-31,0.49
2673,2020-04-01,0.56
2674,2020-04-02,0.73
2675,2020-04-03,0.78
2676,2020-04-06,0.85
2677,2020-04-07,0.86
2678,2020-04-08,0.87
2679,2020-04-09,0.9
2680,2020-04-10,
2681,2020-04-13,0.94
2682,2020-04-14,0.94
2683,2020-04-15,0.87
2684,2020-04-16,0.7
2685,2020-04-17,0.67
2686,2020-04-20,0.56
2687,2020-04-21,0.58
2688,2020-04-22,0.69
2689,2020-04-23,0.67
2690,2020-04-24,0.72
2691,2020-04-27,0.78
2692,2020-04-28,0.76
2693,2020-04-29,0.78
2694,2020-04-30,0.72
2695,2020-05-01,0.68
2696,2020-05-04,0.69
2697,2020-05-05,0.71
2698,2020-05-06,0.71
2699,2020-05-07,0.7
2700,2020-05-08,0.74
2701,2020-05-11,0.75
2702,2020-05-12,0.72
2703,2020-05-13,0.71
2704,2020-05-14,0.71
2705,2020-05-15,0.75
2706,2020-05-18,0.84
2707,2020-05-19,0.82
2708,2020-05-20,0.83
2709,2020-05-21,0.81
2710,2020-05-22,0.8
2711,2020-05-25,
2712,2020-05-26,0.82
2713,2020-05-27,0.82
2714,2020-05-28,0.86
2715,2020-05-29,0.83
2716,2020-06-01,0.84
2717,2020-06-02,0.84
2718,2020-06-03,0.88
2719,2020-06-04,0.88
2720,2020-06-05,0.95
2721,2020-06-08,0.98
2722,2020-06-09,0.98
2723,2020-06-10,1.0
2724,2020-06-11,0.95
2725,2020-06-12,0.95
2726,2020-06-15,0.98
2727,2020-06-16,1.02
2728,2020-06-17,1.01
2729,2020-06-18,1.12
2730,2020-06-19,1.06
2731,2020-06-22,1.11
2732,2020-06-23,1.14
2733,2020-06-24,1.1
2734,2020-06-25,1.11
2735,2020-06-26,1.11
2736,2020-06-29,1.14
2737,2020-06-30,1.16
2738,2020-07-01,1.17
2739,2020-07-02,1.21
2740,2020-07-03,
2741,2020-07-06,1.28
2742,2020-07-07,1.26
2743,2020-07-08,1.25
2744,2020-07-09,1.22
2745,2020-07-10,1.25
2746,2020-07-13,1.27
2747,2020-07-14,1.27
2748,2020-07-15,1.28
2749,2020-07-16,1.3
2750,2020-07-17,1.35
2751,2020-07-20,1.37
2752,2020-07-21,1.4
2753,2020-07-22,1.4
2754,2020-07-23,1.37
2755,2020-07-24,1.35
2756,2020-07-27,1.38
2757,2020-07-28,1.36
2758,2020-07-29,1.38
2759,2020-07-30,1.37
2760,2020-07-31,1.4
2761,2020-08-03,1.46
2762,2020-08-04,1.45
2763,2020-08-05,1.52
2764,2020-08-06,1.53
2765,2020-08-07,1.5
2766,2020-08-10,1.49
2767,2020-08-11,1.5
2768,2020-08-12,1.56
2769,2020-08-13,1.56
2770,2020-08-14,1.53
2771,2020-08-17,1.54
2772,2020-08-18,1.55
2773,2020-08-19,1.55
2774,2020-08-20,1.48
2775,2020-08-21,1.52
2776,2020-08-24,1.57
2777,2020-08-25,1.6
2778,2020-08-26,1.63
2779,2020-08-27,1.65
2780,2020-08-28,1.68
2781,2020-08-31,1.69
2782,2020-09-01,1.65
2783,2020-09-02,1.61
2784,2020-09-03,1.53
2785,2020-09-04,1.57
2786,2020-09-07,
2787,2020-09-08,1.55
2788,2020-09-09,1.57
2789,2020-09-10,1.54
2790,2020-09-11,1.53
2791,2020-09-14,1.54
2792,2020-09-15,1.54
2793,2020-09-16,1.57
2794,2020-09-17,1.57
2795,2020-09-18,1.58
2796,2020-09-21,1.5
2797,2020-09-22,1.5
2798,2020-09-23,1.48
2799,2020-09-24,1.45
2800,2020-09-25,1.43
2801,2020-09-28,1.48
2802,2020-09-29,1.49
2803,2020-09-30,1.5
2804,2020-10-01,1.48
2805,2020-10-02,1.48
2806,2020-10-05,1.52
2807,2020-10-06,1.51
2808,2020-10-07,1.54
2809,2020-10-08,1.56
2810,2020-10-09,1.56
2811,2020-10-12,
2812,2020-10-13,1.52
2813,2020-10-14,1.52
2814,2020-10-15,1.52
2815,2020-10-16,1.53
2816,2020-10-19,1.53
2817,2020-10-20,1.53
2818,2020-10-21,1.56
2819,2020-10-22,1.68
2820,2020-10-23,1.66
2821,2020-10-26,1.63
2822,2020-10-27,1.64
2823,2020-10-28,1.61
2824,2020-10-29,1.61
2825,2020-10-30,1.59
2826,2020-11-02,1.6
2827,2020-11-03,1.62
2828,2020-11-04,1.56
2829,2020-11-05,1.55
2830,2020-11-06,1.54
2831,2020-11-09,1.63
2832,2020-11-10,1.69
2833,2020-11-11,
2834,2020-11-12,1.63
2835,2020-11-13,1.64
2836,2020-11-16,1.64
2837,2020-11-17,1.63
2838,2020-11-18,1.63
2839,2020-11-19,1.62
2840,2020-11-20,1.61
2841,2020-11-23,1.62
2842,2020-11-24,1.65
2843,2020-11-25,1.67
2844,2020-11-26,
2845,2020-11-27,1.67
2846,2020-11-30,1.68
2847,2020-12-01,1.72
2848,2020-12-02,1.76
2849,2020-12-03,1.78
2850,2020-12-04,1.83
2851,2020-12-07,1.84
2852,2020-12-08,1.84
2853,2020-12-09,1.84
2854,2020-12-10,1.83
2855,2020-12-11,1.82
2856,2020-12-14,1.84
2857,2020-12-15,1.86
2858,2020-12-16,1.9
2859,2020-12-17,1.9
2860,2020-12-18,1.92
2861,2020-12-21,1.9
2862,2020-12-22,1.92
2863,2020-12-23,1.93
2864,2020-12-24,1.92
2865,2020-12-25,
2866,2020-12-28,1.92
2867,2020-12-29,1.9
2868,2020-12-30,1.92
2869,2020-12-31,1.95
2870,2021-01-01,
2871,2021-01-04,1.98
2872,2021-01-05,2.01
2873,2021-01-06,2.04
2874,2021-01-07,2.09
2875,2021-01-08,2.07
2876,2021-01-11,2.04
2877,2021-01-12,2.06
2878,2021-01-13,2.04
2879,2021-01-14,2.09
2880,2021-01-15,2.09
2881,2021-01-18,
2882,2021-01-19,2.12
2883,2021-01-20,2.15
2884,2021-01-21,2.18
2885,2021-01-22,2.16
2886,2021-01-25,2.15
2887,2021-01-26,2.15
2888,2021-01-27,2.15
2889,2021-01-28,2.18
2890,2021-01-29,2.21
2891,2021-02-01,2.18
2892,2021-02-02,2.23
2893,2021-02-03,2.27
2894,2021-02-04,2.25
2895,2021-02-05,2.28
2896,2021-02-08,2.31
2897,2021-02-09,2.31
2898,2021-02-10,2.31
2899,2021-02-11,2.32
2900,2021-02-12,2.35
2901,2021-02-15,
2902,2021-02-16,2.37
2903,2021-02-17,2.35
2904,2021-02-18,2.29
2905,2021-02-19,2.29
2906,2021-02-22,2.35
2907,2021-02-23,2.35
2908,2021-02-24,2.38
2909,2021-02-25,2.34
2910,2021-02-26,2.39
2911,2021-03-01,2.4
2912,2021-03-02,2.43
2913,2021-03-03,2.45
2914,2021-03-04,2.43
2915,2021-03-05,2.43
2916,2021-03-08,2.42
2917,2021-03-09,2.41
2918,2021-03-10,2.47
2919,2021-03-11,2.51
2920,2021-03-12,2.51
2921,2021-03-15,2.54
2922,2021-03-16,2.59
2923,2021-03-17,2.58
2924,2021-03-18,2.5
2925,2021-03-19,2.51
2926,2021-03-22,2.51
2927,2021-03-23,2.48
2928,2021-03-24,2.53
2929,2021-03-25,2.54
2930,2021-03-26,2.57
2931,2021-03-29,2.56
2932,2021-03-30,2.52
2933,2021-03-31,2.54
2934,2021-04-01,2.55
2935,2021-04-02,2.58
2936,2021-04-05,2.55
2937,2021-04-06,2.52
2938,2021-04-07,2.53
2939,2021-04-08,2.55
2940,2021-04-09,2.51
2941,2021-04-12,2.52
2942,2021-04-13,2.54
2943,2021-04-14,2.56
2944,2021-04-15,2.55
2945,2021-04-16,2.57
2946,2021-04-19,2.56
2947,2021-04-20,2.52
2948,2021-04-21,2.53
2949,2021-04-22,2.42
2950,2021-04-23,2.44
2951,2021-04-26,2.47
2952,2021-04-27,2.51
2953,2021-04-28,2.54
2954,2021-04-29,2.56
2955,2021-04-30,2.57
2956,2021-05-03,2.6
2957,2021-05-04,2.62
2958,2021-05-05,2.68
2959,2021-05-06,2.66
2960,2021-05-07,2.65
2961,2021-05-10,2.71
2962,2021-05-11,2.68
2963,2021-05-12,2.72
2964,2021-05-13,2.65
2965,2021-05-14,2.68
2966,2021-05-17,2.72
2967,2021-05-18,2.72
2968,2021-05-19,2.66
2969,2021-05-20,2.59
2970,2021-05-21,2.62
2971,2021-05-24,2.64
2972,2021-05-25,2.63
2973,2021-05-26,2.6
2974,2021-05-27,2.59
2975,2021-05-28,2.57
2976,2021-05-31,
2977,2021-06-01,2.6
2978,2021-06-02,2.59
2979,2021-06-03,2.56
2980,2021-06-04,2.54
2981,2021-06-07,2.51
2982,2021-06-08,2.47
2983,2021-06-09,2.41
2984,2021-06-10,2.47
2985,2021-06-11,2.43
2986,2021-06-14,2.44
2987,2021-06-15,2.46
2988,2021-06-16,2.41
2989,2021-06-17,2.31
2990,2021-06-18,2.37
2991,2021-06-21,2.41
2992,2021-06-22,2.46
2993,2021-06-23,2.49
2994,2021-06-24,2.45
2995,2021-06-25,2.46
2996,2021-06-28,2.45
2997,2021-06-29,2.46
2998,2021-06-30,2.47
2999,2021-07-01,2.49
3000,2021-07-02,2.49
3001,2021-07-05,
3002,2021-07-06,2.48
3003,2021-07-07,2.43
3004,2021-07-08,2.38
3005,2021-07-09,2.44
3006,2021-07-12,2.48
3007,2021-07-13,2.56
3008,2021-07-14,2.53
3009,2021-07-15,2.53
3010,2021-07-16,2.52
3011,2021-07-19,2.41
3012,2021-07-20,2.4
3013,2021-07-21,2.45
3014,2021-07-22,2.46
3015,2021-07-23,2.53
3016,2021-07-26,2.59
3017,2021-07-27,2.55
3018,2021-07-28,2.57
3019,2021-07-29,2.58
3020,2021-07-30,2.56
3021,2021-08-02,2.51
3022,2021-08-03,2.51
3023,2021-08-04,2.5
3024,2021-08-05,2.46
3025,2021-08-06,2.5
3026,2021-08-09,2.5
3027,2021-08-10,2.53
3028,2021-08-11,2.55
3029,2021-08-12,2.55
3030,2021-08-13,2.52
3031,2021-08-16,2.5
3032,2021-08-17,2.49
3033,2021-08-18,2.48
3034,2021-08-19,2.45
3035,2021-08-20,2.4
3036,2021-08-23,2.43
3037,2021-08-24,2.45
3038,2021-08-25,2.51
3039,2021-08-26,2.5
3040,2021-08-27,2.53
3041,2021-08-30,2.51
3042,2021-08-31,2.48
3043,2021-09-01,2.48
3044,2021-09-02,2.47
3045,2021-09-03,2.48
3046,2021-09-06,
3047,2021-09-07,2.51
3048,2021-09-08,2.53
3049,2021-09-09,2.55
3050,2021-09-10,2.55
3051,2021-09-13,2.53
3052,2021-09-14,2.49
3053,2021-09-15,2.51
3054,2021-09-16,2.53
3055,2021-09-17,2.51
3056,2021-09-20,2.43
3057,2021-09-21,2.44
3058,2021-09-22,2.41
3059,2021-09-23,2.48
3060,2021-09-24,2.47
3061,2021-09-27,2.5
3062,2021-09-28,2.53
3063,2021-09-29,2.52
3064,2021-09-30,2.51
3065,2021-10-01,2.51
3066,2021-10-04,2.53
3067,2021-10-05,2.59
3068,2021-10-06,2.57
3069,2021-10-07,2.61
3070,2021-10-08,2.64
3071,2021-10-11,
3072,2021-10-12,2.64
3073,2021-10-13,2.68
3074,2021-10-14,2.69
3075,2021-10-15,2.71
3076,2021-10-18,2.71
3077,2021-10-19,2.71
3078,2021-10-20,2.77
3079,2021-10-21,2.94
3080,2021-10-22,2.91
3081,2021-10-25,2.95
3082,2021-10-26,2.99
3083,2021-10-27,2.96
3084,2021-10-28,2.9
3085,2021-10-29,2.89
3086,2021-11-01,2.86
3087,2021-11-02,2.84
3088,2021-11-03,2.86
3089,2021-11-04,2.88
3090,2021-11-05,2.87
3091,2021-11-08,2.94
3092,2021-11-09,2.96
3093,2021-11-10,3.08
3094,2021-11-11,
3095,2021-11-12,3.11
3096,2021-11-15,3.17
3097,2021-11-16,3.17
3098,2021-11-17,3.14
3099,2021-11-18,3.11
3100,2021-11-19,3.02
3101,2021-11-22,2.98
3102,2021-11-23,3.0
3103,2021-11-24,3.03
3104,2021-11-25,
3105,2021-11-26,2.92
3106,2021-11-29,2.91
3107,2021-11-30,2.8
3108,2021-12-01,2.7
3109,2021-12-02,2.73
3110,2021-12-03,2.72
3111,2021-12-06,2.79
3112,2021-12-07,2.84
3113,2021-12-08,2.88
3114,2021-12-09,2.8
3115,2021-12-10,2.76
3116,2021-12-13,2.73
3117,2021-12-14,2.66
3118,2021-12-15,2.67
3119,2021-12-16,2.7
3120,2021-12-17,2.65
3121,2021-12-20,2.65
3122,2021-12-21,2.69
3123,2021-12-22,2.7
3124,2021-12-23,2.72
3125,2021-12-24,
3126,2021-12-27,2.75
3127,2021-12-28,2.78
3128,2021-12-29,2.83
3129,2021-12-30,2.86
3130,2021-12-31,2.87
3131,2022-01-03,2.95
3132,2022-01-04,2.93
3133,2022-01-05,2.87
3134,2022-01-06,2.77
3135,2022-01-07,2.78
3136,2022-01-10,2.77
3137,2022-01-11,2.87
3138,2022-01-12,2.82
3139,2022-01-13,2.77
3140,2022-01-14,2.79
3141,2022-01-17,
3142,2022-01-18,2.8
3143,2022-01-19,2.73
3144,2022-01-20,2.74
3145,2022-01-21,2.7
3146,2022-01-24,2.74
3147,2022-01-25,2.78
3148,2022-01-26,2.75
3149,2022-01-27,2.76
3150,2022-01-28,2.8
3151,2022-01-31,2.82
3152,2022-02-01,2.8
3153,2022-02-02,2.79
3154,2022-02-03,2.76
3155,2022-02-04,2.78
3156,2022-02-07,2.75
3157,2022-02-08,2.77
3158,2022-02-09,2.78
3159,2022-02-10,2.81
3160,2022-02-11,2.82
3161,2022-02-14,2.91
3162,2022-02-15,2.89
3163,2022-02-16,2.87
3164,2022-02-17,2.87
3165,2022-02-18,2.86
3166,2022-02-21,
3167,2022-02-22,2.89
3168,2022-02-23,3.01
3169,2022-02-24,3.05
3170,2022-02-25,3.02
3171,2022-02-28,3.11
3172,2022-03-01,3.14
3173,2022-03-02,3.23
3174,2022-03-03,3.17
3175,2022-03-04,3.19
3176,2022-03-07,3.29
3177,2022-03-08,3.43
3178,2022-03-09,3.33
3179,2022-03-10,3.42
3180,2022-03-11,3.52
3181,2022-03-14,3.5
3182,2022-03-15,3.42
3183,2022-03-16,3.34
3184,2022-03-17,3.51
3185,2022-03-18,3.48
3186,2022-03-21,3.52
3187,2022-03-22,3.52
3188,2022-03-23,3.57
3189,2022-03-24,3.57
3190,2022-03-25,3.59
3191,2022-03-28,3.56
3192,2022-03-29,3.4
3193,2022-03-30,3.41
3194,2022-03-31,3.34
3195,2022-04-01,3.28
3196,2022-04-04,3.28
3197,2022-04-05,3.31
3198,2022-04-06,3.28
3199,2022-04-07,3.26
3200,2022-04-08,3.33
3201,2022-04-11,3.37
3202,2022-04-12,3.31
3203,2022-04-13,3.25
3204,2022-04-14,3.33
3205,2022-04-15,
3206,2022-04-18,3.36
3207,2022-04-19,3.36
3208,2022-04-20,3.36
3209,2022-04-21,3.37
3210,2022-04-22,3.37
3211,2022-04-25,3.27
3212,2022-04-26,3.25
3213,2022-04-27,3.28
3214,2022-04-28,3.39
3215,2022-04-29,3.3
3216,2022-05-02,3.21
3217,2022-05-03,3.21
3218,2022-05-04,3.24
3219,2022-05-05,3.23
3220,2022-05-06,3.22
3221,2022-05-09,3.06
3222,2022-05-10,2.92
3223,2022-05-11,3.0
3224,2022-05-12,2.89
3225,2022-05-13,3.03
3226,2022-05-16,3.04
3227,2022-05-17,3.08
3228,2022-05-18,3.05
3229,2022-05-19,2.97
3230,2022-05-20,2.88
3231,2022-05-23,2.92
3232,2022-05-24,2.87
3233,2022-05-25,2.88
3234,2022-05-26,2.96
3235,2022-05-27,2.95
3236,2022-05-30,
3237,2022-05-31,2.96
3238,2022-06-01,2.96
3239,2022-06-02,2.97
3240,2022-06-03,3.04
3241,2022-06-06,3.05
3242,2022-06-07,3.03
3243,2022-06-08,3.06
3244,2022-06-09,3.08
3245,2022-06-10,3.13
3246,2022-06-13,3.11
3247,2022-06-14,2.88
3248,2022-06-15,3.0
3249,2022-06-16,2.87
3250,2022-06-17,2.8
3251,2022-06-20,
3252,2022-06-21,2.84
3253,2022-06-22,2.74
3254,2022-06-23,2.69
3255,2022-06-24,2.82
3256,2022-06-27,2.79
3257,2022-06-28,2.73
3258,2022-06-29,2.59
3259,2022-06-30,2.58
3260,2022-07-01,2.6
3261,2022-07-04,
3262,2022-07-05,2.51
3263,2022-07-06,2.48
3264,2022-07-07,2.53
3265,2022-07-08,2.62
3266,2022-07-11,2.56
3267,2022-07-12,2.5
3268,2022-07-13,2.51
3269,2022-07-14,2.54
3270,2022-07-15,2.59
3271,2022-07-18,2.63
3272,2022-07-19,2.67
3273,2022-07-20,2.67
3274,2022-07-21,2.55
3275,2022-07-22,2.56
3276,2022-07-25,2.58
3277,2022-07-26,2.56
3278,2022-07-27,2.61
3279,2022-07-28,2.67
3280,2022-07-29,2.73
3281,2022-08-01,2.72
3282,2022-08-02,2.69
3283,2022-08-03,2.72
3284,2022-08-04,2.64
